Keyword / Tema,Categoría,Intención,URL del artículo,Estado,Volumen (DinoRank),Volumen grupo,Competencia,Pos. media (GSC 90d),Clics (90d),Impresiones (90d),Prioridad,Notas
maquinaria de construcción,Maquinaria general,Comercial/Info,,Pendiente,450000,450000,0.92,,,,🔴 Alta,1 variantes
generador gasolina,Generadores,Comercial/Info,,Pendiente,9900,9900,1.0,,,,🔴 Alta,1 variantes
mini excavadora segunda mano,Miniexcavadoras,Comercial,seo/articulos/mini-excavadora-segunda-mano.html,Redactado (pte. dominio),2400,8680,1.0,,,,🔴 Alta,"6 variantes: miniexcavadora segunda mano, excavadora mini segunda mano, miniexcavadora de segunda mano"
caseta de obra de segunda mano,Casetas y contenedores,Comercial,seo/articulos/caseta-de-obra-segunda-mano.html,Redactado (pte. dominio),2900,5800,0.0,,,,🔴 Alta,2 variantes: caseta de obra segunda mano
elevadora tijera,Plataformas elevación,Comercial/Info,,Pendiente,2900,4475,1.0,,,,🔴 Alta,"3 variantes: elevadora de tijera, elevadoras de tijera"
generador electrico para casa,Generadores,Comercial/Info,,Pendiente,1900,3800,1.0,,,,🔴 Alta,2 variantes: generador eléctrico para casa
plataforma elevadora de tijera,Plataformas elevación,Comercial/Info,,Pendiente,1000,3260,1.0,,,,🔴 Alta,"5 variantes: plataformas elevadoras de tijera, plataformas elevadoras tijera, plataforma tijera elevadora"
caseta de obra alquiler,Casetas y contenedores,Comercial/Info,,Pendiente,1007,3007,0.0,,,,🔴 Alta,"3 variantes: alquiler de caseta de obra, alquiler caseta de obra"
dumper de obra,Dumpers y cargadoras,Comercial/Info,,Pendiente,2900,2900,0.65,,,,🔴 Alta,1 variantes
comprar contenedor marítimo,Casetas y contenedores,Comercial,seo/articulos/comprar-contenedor-maritimo.html,Redactado (pte. dominio),1300,2600,1.0,,,,🔴 Alta,2 variantes: comprar contenedor maritimo
medidas contenedor 20 pies,Casetas y contenedores,Comercial/Info,seo/articulos/medidas-contenedor-maritimo.html,Redactado (pte. dominio),1600,2080,0.53,,,,🔴 Alta,2 variantes: contenedor de 20 pies medidas
precio caseta de obra,Casetas y contenedores,Comercial,seo/articulos/caseta-de-obra-segunda-mano.html,Redactado (pte. dominio),720,2030,0.55,,,,🔴 Alta,"3 variantes: caseta de obra precio, caseta de obra precios"
generador electrico silencioso,Generadores,Comercial/Info,,Pendiente,1000,2000,1.0,,,,🔴 Alta,2 variantes: generador eléctrico silencioso
retro excavadora segunda mano,Excavadoras,Comercial,seo/articulos/excavadora-segunda-mano.html,Redactado (pte. dominio),1900,1900,0.96,,,,🔴 Alta,1 variantes
generador electrico barato,Generadores,Comercial,,Pendiente,880,1760,0.0,,,,🔴 Alta,2 variantes: generador eléctrico barato
medidas contenedor 40 pies,Casetas y contenedores,Comercial/Info,seo/articulos/medidas-contenedor-maritimo.html,Redactado (pte. dominio),1600,1600,0.64,,,,🔴 Alta,1 variantes
contenedor 20 pies,Casetas y contenedores,Comercial/Info,seo/articulos/medidas-contenedor-maritimo.html,Redactado (pte. dominio),880,1470,0.0,,,,🔴 Alta,2 variantes: contenedor de 20 pies
maquinaria agricola segunda mano,Maquinaria general,Comercial,,Pendiente,1300,1310,0.63,,,,🔴 Alta,2 variantes: maquinaria segunda mano agricola
contenedor marítimo medidas,Casetas y contenedores,Comercial/Info,seo/articulos/medidas-contenedor-maritimo.html,Redactado (pte. dominio),1300,1300,0.89,,,,🔴 Alta,1 variantes
generador electrico leroy merlin,Generadores,Comercial/Info,,Pendiente,590,1210,1.0,,,,🔴 Alta,"3 variantes: generador eléctrico leroy merlin, generador eléctrico en leroy merlin"
excavadora de segunda mano,Excavadoras,Comercial,seo/articulos/excavadora-segunda-mano.html,Redactado (pte. dominio),590,1180,0.99,,,,🔴 Alta,2 variantes: excavadoras de segunda mano
contenedores marítimos segunda mano,Casetas y contenedores,Comercial,seo/articulos/comprar-contenedor-maritimo.html,Redactado (pte. dominio),1000,1170,1.0,,,,🔴 Alta,2 variantes: contenedores maritimos de segunda mano
segunda mano carretilla elevadora,Plataformas elevación,Comercial,,Pendiente,1000,1090,1.0,,,,🔴 Alta,2 variantes: carretilla elevadora de segunda mano
venta de caseta de obra,Casetas y contenedores,Comercial,seo/articulos/caseta-de-obra-segunda-mano.html,Redactado (pte. dominio),590,1070,1.0,,,,🔴 Alta,2 variantes: caseta de obra venta
venta de contenedores usados baratos,Casetas y contenedores,Comercial,seo/articulos/comprar-contenedor-maritimo.html,Redactado (pte. dominio),1000,1000,1.0,,,,🔴 Alta,1 variantes
contenedor marítimo,Casetas y contenedores,Comercial/Info,,Pendiente,1000,1000,1.0,,,,🔴 Alta,1 variantes
maquinaria segunda mano,Maquinaria general,Comercial,,Pendiente,480,960,0.0,,,,🟠 Media,2 variantes: maquinaria de segunda mano
venta maquinaria agricola por jubilacion,Maquinaria general,Comercial,,Pendiente,880,880,0.33,,,,🟠 Media,1 variantes
contenedor maritimo segunda mano,Casetas y contenedores,Comercial,seo/articulos/comprar-contenedor-maritimo.html,Redactado (pte. dominio),720,860,1.0,,,,🟠 Media,2 variantes: contenedor marítimo segunda mano
mini retroexcavadora segunda mano,Excavadoras,Comercial,,Pendiente,720,720,1.0,,,,🟠 Media,1 variantes
retroexcavadora mixta segunda mano particulares,Excavadoras,Comercial,,Pendiente,720,720,0.62,,,,🟠 Media,1 variantes
excavadora precio,Excavadoras,Comercial,,Pendiente,210,680,0.96,,,,🟠 Media,"4 variantes: precio excavadoras, excavadoras precio, precio de excavadora"
alquiler de plataforma elevadora de tijera,Plataformas elevación,Comercial/Info,,Pendiente,110,670,0.29,,,,🟠 Media,"7 variantes: plataforma elevadora de tijera alquiler, plataformas elevadoras de tijera alquiler, alquiler de plataformas elevadoras de tijera"
miniexcavadoras segunda mano particulares,Miniexcavadoras,Comercial,,Pendiente,390,600,1.0,,,,🟠 Media,2 variantes: mini excavadoras de segunda mano particulares
caseta de obra oficina,Casetas y contenedores,Comercial/Info,,Pendiente,210,590,1.0,,,,🟠 Media,"3 variantes: caseta oficina de obra, caseta de obra, oficina"
alquiler de excavadora precio,Excavadoras,Comercial,,Pendiente,140,560,0.73,,,,🟠 Media,"4 variantes: alquiler excavadora precio, precio alquiler excavadora, excavadora alquiler precio"
retroexcavadora para tractor - usada,Excavadoras,Comercial,,Pendiente,320,530,0.95,,,,🟠 Media,2 variantes: retroexcavadora para tractor usada
segunda mano generador electrico,Generadores,Comercial,,Pendiente,320,520,1.0,,,,🟠 Media,"3 variantes: generador eléctrico de segunda mano, generador electrico de segunda mano"
generador eléctrico diesel para casa,Generadores,Comercial/Info,,Pendiente,260,520,1.0,,,,🟠 Media,2 variantes: generador eléctrico diésel para casa
precio alquiler caseta de obra,Casetas y contenedores,Comercial,,Pendiente,260,520,0.65,,,,🟠 Media,2 variantes: alquiler caseta de obra precio
contenedores maritimos baratos,Casetas y contenedores,Comercial,seo/articulos/comprar-contenedor-maritimo.html,Redactado (pte. dominio),260,520,1.0,,,,🟠 Media,2 variantes: contenedores marítimos baratos
maquinaria de segunda mano construccion,Maquinaria general,Comercial,,Pendiente,170,510,0.73,,,,🟠 Media,"3 variantes: maquinaria de segunda mano construcción, maquinaria de construcción segunda mano"
mini excavadora jcb,Miniexcavadoras,Comercial/Info,,Pendiente,480,480,0.99,,,,🟠 Media,1 variantes
miniexcavadora 1500 kg de ocasión,Miniexcavadoras,Comercial,,Pendiente,480,480,1.0,,,,🟠 Media,1 variantes
generador obramat,Generadores,Comercial/Info,,Pendiente,480,480,1.0,,,,🟠 Media,1 variantes
generadores de segunda mano particulares,Generadores,Comercial,,Pendiente,480,480,1.0,,,,🟠 Media,1 variantes
generador gasolina pequeño,Generadores,Comercial/Info,,Pendiente,480,480,0.0,,,,🟠 Media,1 variantes
contenedores de 6 metros segunda mano,Casetas y contenedores,Comercial,,Pendiente,480,480,1.0,,,,🟠 Media,1 variantes
contenedores marítimos precio,Casetas y contenedores,Comercial,seo/articulos/comprar-contenedor-maritimo.html,Redactado (pte. dominio),480,480,0.49,,,,🟠 Media,1 variantes
mesa elevadora de tijera,Plataformas elevación,Comercial/Info,,Pendiente,170,430,1.0,,,,🟠 Media,"4 variantes: mesas elevadoras de tijera, mesa elevadora tijera, mesa de tijera elevadora"
caseta de obra medidas,Casetas y contenedores,Comercial/Info,,Pendiente,210,420,0.62,,,,🟠 Media,2 variantes: medidas caseta de obra
caseta de obra con baño,Casetas y contenedores,Comercial/Info,,Pendiente,390,420,1.0,,,,🟠 Media,2 variantes: caseta baño obra
máquina elevadora de tijera,Plataformas elevación,Comercial/Info,,Pendiente,140,410,1.0,,,,🟠 Media,"4 variantes: maquina elevadora de tijera, maquina elevadora tijera, maquinas elevadoras de tijera"
mini retroexcavadoras usadas baratas,Excavadoras,Comercial,,Pendiente,390,390,1.0,,,,🟠 Media,1 variantes
retroexcavadora usadas,Excavadoras,Comercial,,Pendiente,390,390,0.99,,,,🟠 Media,1 variantes
plataforma elevadora de tijera eléctrica,Plataformas elevación,Comercial/Info,,Pendiente,210,390,0.86,,,,🟠 Media,"3 variantes: plataformas elevadoras de tijera electricas, plataforma elevadora tijera electrica"
dumper de segunda mano,Dumpers y cargadoras,Comercial,,Pendiente,390,390,0.76,,,,🟠 Media,1 variantes
contenedor marítimo precio,Casetas y contenedores,Comercial,seo/articulos/comprar-contenedor-maritimo.html,Redactado (pte. dominio),390,390,1.0,,,,🟠 Media,1 variantes
excavadora mixta segunda mano,Excavadoras,Comercial,,Pendiente,210,380,1.0,,,,🟠 Media,2 variantes: excavadora mixta de segunda mano
alquiler tijera elevadora,Plataformas elevación,Comercial/Info,,Pendiente,320,370,0.6,,,,🟠 Media,2 variantes: tijera elevadora alquiler
generador de luz baratos,Generadores,Comercial,,Pendiente,210,350,1.0,,,,🟠 Media,2 variantes: generador de luz barato
precio generador eléctrico para casa,Generadores,Comercial,,Pendiente,170,340,1.0,,,,🟠 Media,2 variantes: generador eléctrico para casa precio
venta de contenedores marítimos usados baratos en galicia,Casetas y contenedores,Comercial,,Pendiente,170,340,1.0,,,,🟠 Media,2 variantes: venta de contenedores maritimos usados baratos en galicia
carretilla elevadora segunda mano electrica,Plataformas elevación,Comercial,,Pendiente,110,330,1.0,,,,🟠 Media,"3 variantes: carretilla elevadora eléctrica segunda mano, carretilla elevadora electrica segunda mano"
retroexcavadoras usadas baratas particulares,Excavadoras,Comercial,,Pendiente,320,320,0.92,,,,🟠 Media,1 variantes
mini excavadora alquiler,Miniexcavadoras,Comercial/Info,,Pendiente,320,320,0.8,,,,🟠 Media,1 variantes
generador de luz de segunda mano,Generadores,Comercial,,Pendiente,320,320,0.0,,,,🟠 Media,1 variantes
generador 5000w leroy merlin,Generadores,Comercial/Info,,Pendiente,320,320,1.0,,,,🟠 Media,1 variantes
casas contenedores valencia precios,Casetas y contenedores,Comercial,,Pendiente,320,320,1.0,,,,🟠 Media,1 variantes
medidas contenedor 40 pies high cube,Casetas y contenedores,Comercial/Info,seo/articulos/medidas-contenedor-maritimo.html,Redactado (pte. dominio),320,320,0.54,,,,🟠 Media,1 variantes
maquinaria de construcción alquiler,Maquinaria general,Comercial/Info,,Pendiente,260,290,0.25,,,,🟠 Media,2 variantes: maquinaria construccion alquiler
dumper de obra segunda mano,Dumpers y cargadoras,Comercial,,Pendiente,140,280,0.9,,,,🟠 Media,2 variantes: dumper de obra de segunda mano
retro excavadora precio,Excavadoras,Comercial,,Pendiente,260,280,1.0,,,,🟠 Media,2 variantes: precio de una retro excavadora
mini excavadora de 750kg,Miniexcavadoras,Comercial/Info,,Pendiente,260,260,1.0,,,,🟠 Media,1 variantes
venta de excavadoras de segunda mano particulares,Excavadoras,Comercial,,Pendiente,260,260,0.86,,,,🟠 Media,1 variantes
carretilla elevadora diesel segunda mano,Plataformas elevación,Comercial,,Pendiente,90,260,1.0,,,,🟠 Media,"4 variantes: carretilla elevadora diésel segunda mano, carretilla elevadora segunda mano diésel, carretilla elevadora segunda mano diesel"
generadores de segunda mano particulares wallapop,Generadores,Comercial,,Pendiente,260,260,0.99,,,,🟠 Media,1 variantes
generadores de luz de segunda mano,Generadores,Comercial,,Pendiente,260,260,1.0,,,,🟠 Media,1 variantes
generadores de luz leroy merlin,Generadores,Comercial/Info,,Pendiente,260,260,1.0,,,,🟠 Media,1 variantes
generador electrico pequeño,Generadores,Comercial/Info,,Pendiente,260,260,1.0,,,,🟠 Media,1 variantes
generador diesel 10000w,Generadores,Comercial/Info,,Pendiente,260,260,1.0,,,,🟠 Media,1 variantes
generador eléctrico 3000w,Generadores,Comercial/Info,,Pendiente,260,260,1.0,,,,🟠 Media,1 variantes
caseta de obra con baño y ducha segunda mano,Casetas y contenedores,Comercial,,Pendiente,260,260,1.0,,,,🟠 Media,1 variantes
caseta de obra prefabricada,Casetas y contenedores,Comercial/Info,,Pendiente,260,260,1.0,,,,🟠 Media,1 variantes
caseta de obra pequeña,Casetas y contenedores,Comercial/Info,,Pendiente,260,260,1.0,,,,🟠 Media,1 variantes
comprar caseta de obra,Casetas y contenedores,Comercial,seo/articulos/caseta-de-obra-segunda-mano.html,Redactado (pte. dominio),260,260,1.0,,,,🟠 Media,1 variantes
precio de un contenedor marítimo usado,Casetas y contenedores,Comercial,,Pendiente,260,260,1.0,,,,🟠 Media,1 variantes
medidas de contenedores,Casetas y contenedores,Comercial/Info,seo/articulos/medidas-contenedor-maritimo.html,Redactado (pte. dominio),260,260,0.42,,,,🟠 Media,1 variantes
generador eléctrico diesel segunda mano,Generadores,Comercial,,Pendiente,110,220,0.98,,,,🟢 Normal,2 variantes: generador electrico diesel segunda mano
contenedor maritimo 6 metros,Casetas y contenedores,Comercial/Info,,Pendiente,210,220,1.0,,,,🟢 Normal,2 variantes: contenedor marítimo 6 metros
subastas de maquinaria en españa,Maquinaria general,Comercial/Info,,Pendiente,110,220,0.0,,,,🟢 Normal,2 variantes: subasta de maquinaria españa
minicargadora jcb,Dumpers y cargadoras,Comercial/Info,,Pendiente,210,210,0.52,,,,🟢 Normal,1 variantes
miniexcavadora wallapop,Miniexcavadoras,Comercial/Info,,Pendiente,210,210,1.0,,,,🟢 Normal,1 variantes
mini retroexcavadoras usadas baratas cerca de lugo,Excavadoras,Comercial,,Pendiente,210,210,1.0,,,,🟢 Normal,1 variantes
mini excavadora precio,Miniexcavadoras,Comercial,,Pendiente,210,210,1.0,,,,🟢 Normal,1 variantes
mini excavadora 500 kg,Miniexcavadoras,Comercial/Info,,Pendiente,210,210,1.0,,,,🟢 Normal,1 variantes
dumper de segunda mano baratos,Dumpers y cargadoras,Comercial,,Pendiente,210,210,0.56,,,,🟢 Normal,1 variantes
dumper 4x4 autocargable segunda mano,Dumpers y cargadoras,Comercial,,Pendiente,210,210,0.63,,,,🟢 Normal,1 variantes
generadores de luz baratos segunda mano,Generadores,Comercial,,Pendiente,210,210,1.0,,,,🟢 Normal,1 variantes
generador eléctrico silencioso para casa,Generadores,Comercial/Info,,Pendiente,210,210,1.0,,,,🟢 Normal,1 variantes
generador eléctrico gasolina 5000w,Generadores,Comercial/Info,,Pendiente,210,210,1.0,,,,🟢 Normal,1 variantes
generador eléctrico bricodepot,Generadores,Comercial/Info,,Pendiente,210,210,1.0,,,,🟢 Normal,1 variantes
generador diesel 7000w,Generadores,Comercial/Info,,Pendiente,210,210,0.0,,,,🟢 Normal,1 variantes
generador gasoil 5000w,Generadores,Comercial/Info,,Pendiente,210,210,1.0,,,,🟢 Normal,1 variantes
caseta de obra 6x3,Casetas y contenedores,Comercial/Info,,Pendiente,210,210,1.0,,,,🟢 Normal,1 variantes
contenedores marítimos medidas y precios,Casetas y contenedores,Comercial,,Pendiente,210,210,1.0,,,,🟢 Normal,1 variantes
contenedores de obra valencia,Casetas y contenedores,Comercial/Info,,Pendiente,110,200,0.85,,,,🟢 Normal,2 variantes: contenedores obra valencia
maquinaria obra publica,Maquinaria general,Comercial/Info,,Pendiente,170,200,0.45,,,,🟢 Normal,2 variantes: maquinaria de obra pública
mini dumper segunda mano,Dumpers y cargadoras,Comercial,,Pendiente,170,190,0.0,,,,🟢 Normal,2 variantes: mini dumper de segunda mano
precio alquiler tijera elevadora,Plataformas elevación,Comercial,,Pendiente,90,180,0.33,,,,🟢 Normal,2 variantes: alquiler tijera elevadora precio
generadores electricos baratos carrefour,Generadores,Comercial,,Pendiente,90,180,0.0,,,,🟢 Normal,2 variantes: generadores eléctricos baratos carrefour
contenedor 20 pies precio,Casetas y contenedores,Comercial,,Pendiente,140,180,1.0,,,,🟢 Normal,2 variantes: contenedor de 20 pies precio
mini retros usadas en galicia,Excavadoras,Comercial,,Pendiente,170,170,0.71,,,,🟢 Normal,1 variantes
excavadora de ruedas segunda mano,Excavadoras,Comercial,,Pendiente,170,170,0.71,,,,🟢 Normal,1 variantes
carretilla elevadora 4x4 segunda mano,Plataformas elevación,Comercial,,Pendiente,170,170,0.97,,,,🟢 Normal,1 variantes
precios generadores,Generadores,Comercial,,Pendiente,170,170,1.0,,,,🟢 Normal,1 variantes
generador eléctrico gasolina leroy merlin,Generadores,Comercial/Info,,Pendiente,170,170,1.0,,,,🟢 Normal,1 variantes
generador gasolina bricodepot,Generadores,Comercial/Info,,Pendiente,170,170,0.0,,,,🟢 Normal,1 variantes
generador diesel 3000w,Generadores,Comercial/Info,,Pendiente,170,170,0.0,,,,🟢 Normal,1 variantes
generador 20 kva segunda mano,Generadores,Comercial,,Pendiente,170,170,1.0,,,,🟢 Normal,1 variantes
caseta de obra zaragoza,Casetas y contenedores,Comercial/Info,,Pendiente,170,170,0.99,,,,🟢 Normal,1 variantes
caseta de obra valladolid,Casetas y contenedores,Comercial/Info,,Pendiente,170,170,1.0,,,,🟢 Normal,1 variantes
caseta de obra segunda mano baratas,Casetas y contenedores,Comercial,,Pendiente,170,170,1.0,,,,🟢 Normal,1 variantes
caseta de obra para perros,Casetas y contenedores,Comercial/Info,,Pendiente,170,170,0.98,,,,🟢 Normal,1 variantes
contenedor 3 metros segunda mano,Casetas y contenedores,Comercial,,Pendiente,170,170,0.98,,,,🟢 Normal,1 variantes
maquinaria pequeña de obra,Maquinaria general,Comercial/Info,,Pendiente,170,170,0.71,,,,🟢 Normal,1 variantes
camión con plataforma elevadora segunda mano,Plataformas elevación,Comercial,,Pendiente,50,160,0.28,,,,🟢 Normal,"4 variantes: camion con plataforma elevadora segunda mano, plataforma elevadora camion segunda mano, camion plataforma elevadora segunda mano"
miniexcavadora 1000 kg segunda mano,Miniexcavadoras,Comercial,,Pendiente,140,140,1.0,,,,🟢 Normal,1 variantes
mini giratorias de segunda mano,Excavadoras,Comercial,,Pendiente,140,140,0.99,,,,🟢 Normal,1 variantes
comprar mini excavadora,Miniexcavadoras,Comercial,,Pendiente,140,140,1.0,,,,🟢 Normal,1 variantes
plataforma elevadora eléctrica segunda mano,Plataformas elevación,Comercial,,Pendiente,70,140,1.0,,,,🟢 Normal,2 variantes: plataforma elevadora electrica segunda mano
carretilla elevadora 4x4 ausa segunda mano,Plataformas elevación,Comercial,,Pendiente,140,140,0.72,,,,🟢 Normal,1 variantes
dumper ausa segunda mano,Dumpers y cargadoras,Comercial,,Pendiente,140,140,0.3,,,,🟢 Normal,1 variantes
grupo electrógeno segunda mano de particulares,Generadores,Comercial,,Pendiente,140,140,0.0,,,,🟢 Normal,1 variantes
caseta de obra 3x2,Casetas y contenedores,Comercial/Info,,Pendiente,140,140,1.0,,,,🟢 Normal,1 variantes
caseta de jardin de obra,Casetas y contenedores,Comercial/Info,,Pendiente,140,140,1.0,,,,🟢 Normal,1 variantes
venta de contenedores usados baratos valencia,Casetas y contenedores,Comercial,,Pendiente,140,140,1.0,,,,🟢 Normal,1 variantes
contenedor 6 metros precio,Casetas y contenedores,Comercial,,Pendiente,140,140,1.0,,,,🟢 Normal,1 variantes
contenedores segunda mano particulares,Casetas y contenedores,Comercial,,Pendiente,140,140,1.0,,,,🟢 Normal,1 variantes
7 tipos de contenedores,Casetas y contenedores,Informacional,,Pendiente,140,140,0.26,,,,🟢 Normal,1 variantes
maquinaria embargada en venta,Maquinaria general,Comercial,,Pendiente,140,140,0.44,,,,🟢 Normal,1 variantes
maquinaria de construcción nombres,Maquinaria general,Comercial/Info,,Pendiente,140,140,0.01,,,,🟢 Normal,1 variantes
subasta de maquinaria embargada,Maquinaria general,Comercial/Info,,Pendiente,140,140,0.0,,,,🟢 Normal,1 variantes
mini retro excavadora precio,Excavadoras,Comercial,,Pendiente,140,140,1.0,,,,🟢 Normal,1 variantes
camión 3500 kg con plataforma elevadora segunda mano,Plataformas elevación,Comercial,,Pendiente,50,130,0.18,,,,🟢 Normal,"3 variantes: camion 3500 kg con plataforma elevadora segunda mano, plataforma elevadora para camión de 3500 kg segunda mano"
plataforma elevadora de tijera pequeña,Plataformas elevación,Comercial/Info,,Pendiente,110,130,1.0,,,,🟢 Normal,2 variantes: plataforma elevadora tijera pequeña
plataforma elevadora de tijera segunda mano,Plataformas elevación,Comercial,,Pendiente,50,120,1.0,,,,🟢 Normal,"3 variantes: plataformas elevadoras de tijera de segunda mano, plataforma elevadora tijera segunda mano"
miniexcavadora caterpillar,Miniexcavadoras,Comercial/Info,,Pendiente,110,110,0.98,,,,🟢 Normal,1 variantes
mini retroexcavadora mixta segunda mano baratas,Excavadoras,Comercial,,Pendiente,110,110,1.0,,,,🟢 Normal,1 variantes
mini excavadora 5000 kg segunda mano,Miniexcavadoras,Comercial,,Pendiente,110,110,0.76,,,,🟢 Normal,1 variantes
miniexcavadora 1500 kg kubota,Miniexcavadoras,Comercial/Info,,Pendiente,110,110,1.0,,,,🟢 Normal,1 variantes
mini giratoria 1000 kg,Excavadoras,Comercial/Info,,Pendiente,110,110,0.0,,,,🟢 Normal,1 variantes
mini giratoria 2500 kg,Excavadoras,Comercial/Info,,Pendiente,110,110,0.99,,,,🟢 Normal,1 variantes
tijera elevadora segunda mano,Plataformas elevación,Comercial,,Pendiente,110,110,0.99,,,,🟢 Normal,1 variantes
carretilla elevadora diésel 2.500 kg segunda mano,Plataformas elevación,Comercial,,Pendiente,110,110,1.0,,,,🟢 Normal,1 variantes
mini dumper oruga segunda mano,Dumpers y cargadoras,Comercial,,Pendiente,110,110,0.0,,,,🟢 Normal,1 variantes
generador arranque eléctrico,Generadores,Comercial/Info,,Pendiente,110,110,1.0,,,,🟢 Normal,1 variantes
caseta de obra leroy merlin,Casetas y contenedores,Comercial/Info,,Pendiente,110,110,1.0,,,,🟢 Normal,1 variantes
precio caseta de obra segunda mano,Casetas y contenedores,Comercial,,Pendiente,110,110,0.13,,,,🟢 Normal,1 variantes
caseta de obra alicante,Casetas y contenedores,Comercial/Info,,Pendiente,110,110,1.0,,,,🟢 Normal,1 variantes
caseta de obra usadas,Casetas y contenedores,Comercial,,Pendiente,110,110,1.0,,,,🟢 Normal,1 variantes
caseta de obra dimensiones,Casetas y contenedores,Comercial/Info,,Pendiente,110,110,0.32,,,,🟢 Normal,1 variantes
caseta de obra las palmas,Casetas y contenedores,Comercial/Info,,Pendiente,110,110,0.96,,,,🟢 Normal,1 variantes
caseta depuradora de obra,Casetas y contenedores,Comercial/Info,,Pendiente,110,110,0.61,,,,🟢 Normal,1 variantes
contenedores usados en venta,Casetas y contenedores,Comercial,,Pendiente,110,110,0.67,,,,🟢 Normal,1 variantes
contenedores valencia sl,Casetas y contenedores,Comercial/Info,,Pendiente,110,110,0.0,,,,🟢 Normal,1 variantes
contenedor segunda mano coruña,Casetas y contenedores,Comercial,,Pendiente,110,110,1.0,,,,🟢 Normal,1 variantes
venta-de maquinaria agrícola por cese de actividad en galicia,Maquinaria general,Comercial,,Pendiente,110,110,0.08,,,,🟢 Normal,1 variantes
precio excavadora por horas,Excavadoras,Comercial,,Pendiente,40,110,0.23,,,,🟢 Normal,"3 variantes: precio excavadora por hora, precio hora excavadora"
mini retroexcavadora usada,Excavadoras,Comercial,,Pendiente,50,100,1.0,,,,🟢 Normal,2 variantes: mini retroexcavadora usadas
dumper hormigonera segunda mano,Dumpers y cargadoras,Comercial,,Pendiente,70,100,0.69,,,,🟢 Normal,2 variantes: dumper hormigonera de segunda mano
generador eléctrico barato segunda mano,Generadores,Comercial,,Pendiente,50,100,1.0,,,,🟢 Normal,2 variantes: generador electrico barato segunda mano
excavadora pequeña precio,Excavadoras,Comercial,,Pendiente,70,100,0.99,,,,🟢 Normal,2 variantes: precio excavadora pequeña
miniexcavadoras segunda mano baratas,Miniexcavadoras,Comercial,,Pendiente,90,90,1.0,,,,🟢 Normal,1 variantes
miniexcavadora 2000 kg,Miniexcavadoras,Comercial/Info,,Pendiente,90,90,0.98,,,,🟢 Normal,1 variantes
mini excavadora de 750kg segunda mano,Miniexcavadoras,Comercial,,Pendiente,90,90,1.0,,,,🟢 Normal,1 variantes
mini retro 800 kg,Excavadoras,Comercial/Info,,Pendiente,90,90,1.0,,,,🟢 Normal,1 variantes
mini excavadora 1 tonelada,Miniexcavadoras,Comercial/Info,,Pendiente,90,90,1.0,,,,🟢 Normal,1 variantes
giratoria 3500 kg de ocasión,Excavadoras,Comercial,,Pendiente,90,90,0.28,,,,🟢 Normal,1 variantes
excavadora de segunda mano en espaÑa,Excavadoras,Comercial,,Pendiente,30,90,0.99,,,,🟢 Normal,"4 variantes: excavadora segunda mano españa, excavadora segunda mano espaÑa, excavadora de segunda mano en españa"
plataforma elevadora de tijera precio,Plataformas elevación,Comercial,,Pendiente,50,90,0.95,,,,🟢 Normal,"3 variantes: plataforma elevadora tijera precio, precio plataforma elevadora tijera"
carretilla elevadora diésel 4x4 segunda mano,Plataformas elevación,Comercial,,Pendiente,90,90,1.0,,,,🟢 Normal,1 variantes
carretilla elevadora diésel 2500 kg segunda mano,Plataformas elevación,Comercial,,Pendiente,90,90,1.0,,,,🟢 Normal,1 variantes
dumper 4x4 segunda mano,Dumpers y cargadoras,Comercial,,Pendiente,50,90,0.0,,,,🟢 Normal,2 variantes: dumper de segunda mano 4x4
dumper 1500 kg segunda mano,Dumpers y cargadoras,Comercial,,Pendiente,90,90,0.0,,,,🟢 Normal,1 variantes
generador mosa,Generadores,Comercial/Info,,Pendiente,90,90,1.0,,,,🟢 Normal,1 variantes
generador inverter 7500w genergy creta sol,Generadores,Comercial/Info,,Pendiente,90,90,1.0,,,,🟢 Normal,1 variantes
generador inverter genergy limited2000i,Generadores,Comercial/Info,,Pendiente,90,90,1.0,,,,🟢 Normal,1 variantes
generador eléctrico carrefour,Generadores,Comercial/Info,,Pendiente,90,90,1.0,,,,🟢 Normal,1 variantes
generador eléctrico lidl,Generadores,Comercial/Info,,Pendiente,90,90,1.0,,,,🟢 Normal,1 variantes
venta caseta de obra segunda mano,Casetas y contenedores,Comercial,,Pendiente,90,90,1.0,,,,🟢 Normal,1 variantes
contenedores marítimos usados en venta,Casetas y contenedores,Comercial,,Pendiente,90,90,0.99,,,,🟢 Normal,1 variantes
venta de contenedores marítimos usados baratos murcia,Casetas y contenedores,Comercial,,Pendiente,90,90,1.0,,,,🟢 Normal,1 variantes
contenedores marítimos baratos en madrid,Casetas y contenedores,Comercial,,Pendiente,90,90,0.0,,,,🟢 Normal,1 variantes
contenedor marítimo 12 metros usado,Casetas y contenedores,Comercial,,Pendiente,90,90,1.0,,,,🟢 Normal,1 variantes
contenedores usados baratos las palmas,Casetas y contenedores,Comercial,,Pendiente,90,90,1.0,,,,🟢 Normal,1 variantes
contenedores usados baratos,Casetas y contenedores,Comercial,,Pendiente,90,90,1.0,,,,🟢 Normal,1 variantes
certificado ce maquinaria,Maquinaria general,Comercial/Info,,Pendiente,90,90,0.31,,,,🟢 Normal,1 variantes
subasta maquinaria industrial,Maquinaria general,Comercial/Info,,Pendiente,90,90,0.34,,,,🟢 Normal,1 variantes
maquinaria embargada por bancos,Maquinaria general,Comercial/Info,,Pendiente,90,90,0.0,,,,🟢 Normal,1 variantes
plataforma elevadora remolcable segunda mano,Plataformas elevación,Comercial,,Pendiente,70,80,0.76,,,,🟢 Normal,2 variantes: plataforma elevadora remolcable de segunda mano
generador eléctrico para piso,Generadores,Comercial/Info,,Pendiente,40,80,1.0,,,,🟢 Normal,2 variantes: generador electrico para piso
medidas contenedor marítimo 40 pies,Casetas y contenedores,Comercial/Info,,Pendiente,70,80,1.0,,,,🟢 Normal,2 variantes: contenedor marítimo 40 pies medidas
excavadora caterpillar precio,Excavadoras,Comercial,,Pendiente,50,80,1.0,,,,🟢 Normal,2 variantes: precio excavadora caterpillar
miniexcavadora 500 kg segunda mano,Miniexcavadoras,Comercial,,Pendiente,70,70,1.0,,,,🟢 Normal,1 variantes
miniexcavadora segunda mano milanuncios,Miniexcavadoras,Comercial,,Pendiente,70,70,0.4,,,,🟢 Normal,1 variantes
mini retroexcavadoras usadas baratas jcb,Excavadoras,Comercial,,Pendiente,70,70,0.0,,,,🟢 Normal,1 variantes
mini retro 1000 kg,Excavadoras,Comercial/Info,,Pendiente,70,70,1.0,,,,🟢 Normal,1 variantes
venta excavadoras embargadas,Excavadoras,Comercial,,Pendiente,70,70,0.58,,,,🟢 Normal,1 variantes
mini giratoria 1500 kg,Excavadoras,Comercial/Info,,Pendiente,70,70,0.0,,,,🟢 Normal,1 variantes
generador a toma de fuerza segunda mano,Generadores,Comercial,,Pendiente,70,70,0.98,,,,🟢 Normal,1 variantes
excavadora segunda mano particulares,Excavadoras,Comercial,,Pendiente,70,70,1.0,,,,🟢 Normal,1 variantes
maquina excavadora de segunda mano,Excavadoras,Comercial,,Pendiente,40,70,1.0,,,,🟢 Normal,2 variantes: maquina excavadora segunda mano
retro excavadora mixta segunda mano,Excavadoras,Comercial,,Pendiente,70,70,0.61,,,,🟢 Normal,1 variantes
excavadora giratoria de segunda mano,Excavadoras,Comercial,,Pendiente,70,70,0.9,,,,🟢 Normal,1 variantes
case retroexcavadora,Excavadoras,Comercial/Info,,Pendiente,70,70,0.0,,,,🟢 Normal,1 variantes
plataforma elevadora pequeña segunda mano,Plataformas elevación,Comercial,,Pendiente,70,70,0.0,,,,🟢 Normal,1 variantes
plataforma elevadora articulada segunda mano,Plataformas elevación,Comercial,,Pendiente,70,70,0.0,,,,🟢 Normal,1 variantes
plataforma elevadora tijera diesel,Plataformas elevación,Comercial/Info,,Pendiente,70,70,0.33,,,,🟢 Normal,1 variantes
alquiler de plataforma elevadora tijera eléctrica,Plataformas elevación,Comercial/Info,,Pendiente,40,70,0.18,,,,🟢 Normal,2 variantes: alquiler de plataforma elevadora tijera electrica
dumper segunda mano galicia,Dumpers y cargadoras,Comercial,,Pendiente,70,70,0.48,,,,🟢 Normal,1 variantes
dumper de segunda mano en castilla y león,Dumpers y cargadoras,Comercial,,Pendiente,70,70,0.0,,,,🟢 Normal,1 variantes
generador electrico gasolina segunda mano,Generadores,Comercial,,Pendiente,40,70,1.0,,,,🟢 Normal,2 variantes: generador eléctrico gasolina segunda mano
generador de luz barato en canarias,Generadores,Comercial,,Pendiente,70,70,0.99,,,,🟢 Normal,1 variantes
generadores de segunda mano particulares cerca de la coruña,Generadores,Comercial,,Pendiente,70,70,0.99,,,,🟢 Normal,1 variantes
generador alcampo,Generadores,Comercial/Info,,Pendiente,70,70,1.0,,,,🟢 Normal,1 variantes
generador eléctrico para casa leroy merlin,Generadores,Comercial/Info,,Pendiente,70,70,1.0,,,,🟢 Normal,1 variantes
caseta de obra segunda mano galicia,Casetas y contenedores,Comercial,,Pendiente,70,70,0.98,,,,🟢 Normal,1 variantes
caseta de obra asturias,Casetas y contenedores,Comercial/Info,,Pendiente,70,70,1.0,,,,🟢 Normal,1 variantes
caseta de obra sevilla,Casetas y contenedores,Comercial/Info,,Pendiente,70,70,0.95,,,,🟢 Normal,1 variantes
caseta de obra en cantabria,Casetas y contenedores,Comercial/Info,,Pendiente,70,70,1.0,,,,🟢 Normal,1 variantes
alquiler caseta de obra madrid,Casetas y contenedores,Comercial/Info,,Pendiente,70,70,0.78,,,,🟢 Normal,1 variantes
caseta de obra segunda mano asturias,Casetas y contenedores,Comercial,,Pendiente,70,70,1.0,,,,🟢 Normal,1 variantes
alquiler caseta de obra valencia,Casetas y contenedores,Comercial/Info,,Pendiente,70,70,0.75,,,,🟢 Normal,1 variantes
caseta de obra con baño y ducha,Casetas y contenedores,Comercial/Info,,Pendiente,70,70,1.0,,,,🟢 Normal,1 variantes
puedo poner una caseta de obra en mi terreno,Casetas y contenedores,Comercial/Info,,Pendiente,70,70,0.01,,,,🟢 Normal,1 variantes
caseta de obra valencia,Casetas y contenedores,Comercial/Info,,Pendiente,70,70,1.0,,,,🟢 Normal,1 variantes
construir caseta de obra,Casetas y contenedores,Comercial/Info,,Pendiente,70,70,1.0,,,,🟢 Normal,1 variantes
como hacer una caseta de obra,Casetas y contenedores,Informacional,,Pendiente,70,70,0.95,,,,🟢 Normal,1 variantes
comprar caseta de obra segunda mano,Casetas y contenedores,Comercial,,Pendiente,70,70,1.0,,,,🟢 Normal,1 variantes
hacer caseta de obra,Casetas y contenedores,Comercial/Info,,Pendiente,70,70,0.95,,,,🟢 Normal,1 variantes
milanuncios caseta de obra,Casetas y contenedores,Comercial/Info,,Pendiente,40,70,0.97,,,,🟢 Normal,2 variantes: caseta de obra milanuncios
caseta de aperos de obra,Casetas y contenedores,Comercial/Info,,Pendiente,70,70,1.0,,,,🟢 Normal,1 variantes
donde comprar un contenedor maritimo,Casetas y contenedores,Comercial,,Pendiente,70,70,1.0,,,,🟢 Normal,1 variantes
contenedor marítimo 20 pies,Casetas y contenedores,Comercial/Info,,Pendiente,70,70,1.0,,,,🟢 Normal,1 variantes
precio contenedores maritimos usados 40 pies,Casetas y contenedores,Comercial,,Pendiente,70,70,1.0,,,,🟢 Normal,1 variantes
venta de contenedores usados baratos cerca de dos hermanas,Casetas y contenedores,Comercial,,Pendiente,70,70,1.0,,,,🟢 Normal,1 variantes
precio contenedor 20 pies usado,Casetas y contenedores,Comercial,,Pendiente,70,70,1.0,,,,🟢 Normal,1 variantes
precio contenedor 40 pies usado,Casetas y contenedores,Comercial,,Pendiente,70,70,1.0,,,,🟢 Normal,1 variantes
contenedor 12 metros precio,Casetas y contenedores,Comercial,,Pendiente,70,70,0.99,,,,🟢 Normal,1 variantes
medidas contenedores marítimos en metros,Casetas y contenedores,Comercial/Info,,Pendiente,70,70,0.69,,,,🟢 Normal,1 variantes
maquinaria de obra de segunda mano,Maquinaria general,Comercial,,Pendiente,50,70,0.85,,,,🟢 Normal,2 variantes: maquinaria obra segunda mano
maquinaria de construcción de segunda mano particular,Maquinaria general,Comercial,,Pendiente,70,70,0.0,,,,🟢 Normal,1 variantes
banco santander maquinaria usada,Maquinaria general,Comercial,,Pendiente,70,70,0.07,,,,🟢 Normal,1 variantes
maquinaria segunda mano metal,Maquinaria general,Comercial,,Pendiente,70,70,0.62,,,,🟢 Normal,1 variantes
alquiler mini excavadora precio,Miniexcavadoras,Comercial,,Pendiente,40,70,0.67,,,,🟢 Normal,2 variantes: precio alquiler mini excavadora
mini excavadora china precio,Miniexcavadoras,Comercial,,Pendiente,70,70,1.0,,,,🟢 Normal,1 variantes
precio alquiler excavadora con conductor,Excavadoras,Comercial,,Pendiente,70,70,0.25,,,,🟢 Normal,1 variantes
excavadora volvo 950 precio,Excavadoras,Comercial,,Pendiente,70,70,0.07,,,,🟢 Normal,1 variantes
furgoneta con plataforma elevadora segunda mano,Plataformas elevación,Comercial,,Pendiente,20,60,0.83,,,,🟢 Normal,"3 variantes: furgonetas con plataforma elevadora segunda mano, plataforma elevadora para furgoneta segunda mano"
mástil carretilla elevadora segunda mano,Plataformas elevación,Comercial,,Pendiente,30,60,0.23,,,,🟢 Normal,2 variantes: mastil carretilla elevadora segunda mano
venta de contenedores marítimos en valencia,Casetas y contenedores,Comercial,,Pendiente,40,60,0.0,,,,🟢 Normal,2 variantes: venta contenedores maritimos valencia
maquinaria de construccion embargada,Maquinaria general,Comercial/Info,,Pendiente,30,60,0.37,,,,🟢 Normal,2 variantes: maquinaria de construcción embargada
máquina excavadora precio,Excavadoras,Comercial,,Pendiente,30,60,0.93,,,,🟢 Normal,2 variantes: maquina excavadora precio
excavadora precio nueva,Excavadoras,Comercial,,Pendiente,30,60,0.92,,,,🟢 Normal,2 variantes: precio excavadora nueva
alquiler excavadora pequeña precio,Excavadoras,Comercial,,Pendiente,30,60,0.78,,,,🟢 Normal,2 variantes: precio alquiler excavadora pequeña
mini retroexcavadora kubota,Excavadoras,Comercial/Info,,Pendiente,50,50,1.0,,,,🟢 Normal,1 variantes
miniexcavadoras segunda mano particulares cerca de la coruña,Miniexcavadoras,Comercial,,Pendiente,50,50,1.0,,,,🟢 Normal,1 variantes
miniexcavadoras segunda mano particulares cerca de ourense,Miniexcavadoras,Comercial,,Pendiente,50,50,0.91,,,,🟢 Normal,1 variantes
miniexcavadoras segunda mano particulares cerca de málaga,Miniexcavadoras,Comercial,,Pendiente,50,50,0.99,,,,🟢 Normal,1 variantes
miniexcavadoras segunda mano particulares cerca de vitoria gasteiz,Miniexcavadoras,Comercial,,Pendiente,30,50,1.0,,,,🟢 Normal,2 variantes: miniexcavadoras segunda mano particulares cerca de vitoria-gasteiz
mini retros usadas de particulares,Excavadoras,Comercial,,Pendiente,50,50,0.77,,,,🟢 Normal,1 variantes
miniexcavadora 1800 kg,Miniexcavadoras,Comercial/Info,,Pendiente,50,50,0.97,,,,🟢 Normal,1 variantes
miniexcavadora 800 kg,Miniexcavadoras,Comercial/Info,,Pendiente,50,50,1.0,,,,🟢 Normal,1 variantes
mini excavadora segunda mano las palmas,Miniexcavadoras,Comercial,,Pendiente,50,50,0.0,,,,🟢 Normal,1 variantes
mini pala excavadora de segunda mano,Excavadoras,Comercial,,Pendiente,30,50,0.0,,,,🟢 Normal,2 variantes: mini pala excavadora segunda mano
desbrozadora para excavadora de segunda mano,Excavadoras,Comercial,,Pendiente,50,50,0.68,,,,🟢 Normal,1 variantes
mini excavadora jcb segunda mano,Miniexcavadoras,Comercial,,Pendiente,50,50,0.81,,,,🟢 Normal,1 variantes
excavadora pequeña segunda mano,Excavadoras,Comercial,,Pendiente,50,50,1.0,,,,🟢 Normal,1 variantes
camiones con plataforma elevadora segunda mano,Plataformas elevación,Comercial,,Pendiente,50,50,0.28,,,,🟢 Normal,1 variantes
plataforma elevadora remolque segunda mano,Plataformas elevación,Comercial,,Pendiente,50,50,0.61,,,,🟢 Normal,1 variantes
plataforma elevadora oruga segunda mano,Plataformas elevación,Comercial,,Pendiente,50,50,0.0,,,,🟢 Normal,1 variantes
plataforma elevadora de tijera 12 metros de segunda mano,Plataformas elevación,Comercial,,Pendiente,50,50,0.0,,,,🟢 Normal,1 variantes
plataforma elevadora tijera 20 metros,Plataformas elevación,Comercial/Info,,Pendiente,50,50,0.0,,,,🟢 Normal,1 variantes
precio alquiler plataforma elevadora tijera,Plataformas elevación,Comercial,,Pendiente,30,50,0.05,,,,🟢 Normal,2 variantes: precio alquiler plataforma elevadora de tijera
carretilla elevadora segunda mano galicia,Plataformas elevación,Comercial,,Pendiente,50,50,0.94,,,,🟢 Normal,1 variantes
mini dumper autocargable segunda mano,Dumpers y cargadoras,Comercial,,Pendiente,50,50,0.0,,,,🟢 Normal,1 variantes
dumper con pala segunda mano,Dumpers y cargadoras,Comercial,,Pendiente,30,50,0.0,,,,🟢 Normal,2 variantes: dumper con pala de segunda mano
minicargadora de orugas usada,Dumpers y cargadoras,Comercial,,Pendiente,50,50,0.85,,,,🟢 Normal,1 variantes
generadores eléctrico,Generadores,Comercial/Info,,Pendiente,50,50,1.0,,,,🟢 Normal,1 variantes
generadores de segunda mano particulares cerca de sevilla,Generadores,Comercial,,Pendiente,50,50,1.0,,,,🟢 Normal,1 variantes
generadores diésel baratos,Generadores,Comercial,,Pendiente,50,50,1.0,,,,🟢 Normal,1 variantes
caseta de obra tenerife,Casetas y contenedores,Comercial/Info,,Pendiente,50,50,0.93,,,,🟢 Normal,1 variantes
se puede poner una caseta de obra en terreno rústico,Casetas y contenedores,Comercial/Info,,Pendiente,50,50,0.0,,,,🟢 Normal,1 variantes
caseta de obra murcia,Casetas y contenedores,Comercial/Info,,Pendiente,50,50,1.0,,,,🟢 Normal,1 variantes
puerta para caseta de obra,Casetas y contenedores,Comercial/Info,,Pendiente,50,50,1.0,,,,🟢 Normal,1 variantes
caseta de obra segunda mano sevilla,Casetas y contenedores,Comercial,,Pendiente,50,50,1.0,,,,🟢 Normal,1 variantes
caseta de obra desmontable,Casetas y contenedores,Comercial/Info,,Pendiente,50,50,1.0,,,,🟢 Normal,1 variantes
como hacer una caseta de jardín de obra,Casetas y contenedores,Informacional,,Pendiente,50,50,0.99,,,,🟢 Normal,1 variantes
comprar contenedor maritimo segunda mano,Casetas y contenedores,Comercial,,Pendiente,40,50,1.0,,,,🟢 Normal,2 variantes: comprar contenedor marítimo segunda mano
contenedor marítimo casa,Casetas y contenedores,Comercial/Info,,Pendiente,50,50,0.99,,,,🟢 Normal,1 variantes
contenedor marítimo 4 metros,Casetas y contenedores,Comercial/Info,,Pendiente,50,50,0.99,,,,🟢 Normal,1 variantes
venta de contenedores en marin,Casetas y contenedores,Comercial,,Pendiente,50,50,0.99,,,,🟢 Normal,1 variantes
venta de contenedores en valencia,Casetas y contenedores,Comercial,,Pendiente,50,50,0.0,,,,🟢 Normal,1 variantes
contenedores marítimos segunda mano alicante,Casetas y contenedores,Comercial,,Pendiente,50,50,0.98,,,,🟢 Normal,1 variantes
contenedores de segunda mano precio,Casetas y contenedores,Comercial,,Pendiente,50,50,1.0,,,,🟢 Normal,1 variantes
medidas contenedor 40 pies interior,Casetas y contenedores,Comercial/Info,,Pendiente,50,50,0.1,,,,🟢 Normal,1 variantes
contenedor 20 pies medidas interiores,Casetas y contenedores,Comercial/Info,,Pendiente,50,50,0.33,,,,🟢 Normal,1 variantes
medidas contenedor marítimo 20 pies,Casetas y contenedores,Comercial/Info,,Pendiente,30,50,0.74,,,,🟢 Normal,2 variantes: contenedor marítimo 20 pies medidas
subastas de maquinaria en madrid,Maquinaria general,Comercial/Info,,Pendiente,50,50,0.03,,,,🟢 Normal,1 variantes
maquinaria de construcción usados,Maquinaria general,Comercial,,Pendiente,50,50,0.74,,,,🟢 Normal,1 variantes
subasta de maquinaria agrícola en españa,Maquinaria general,Comercial/Info,,Pendiente,50,50,0.0,,,,🟢 Normal,1 variantes
subasta de maquinaria de construcción,Maquinaria general,Comercial/Info,,Pendiente,50,50,0.0,,,,🟢 Normal,1 variantes
venta maquinaria industrial segunda mano,Maquinaria general,Comercial,,Pendiente,50,50,0.0,,,,🟢 Normal,1 variantes
venta maquinaria segunda mano,Maquinaria general,Comercial,,Pendiente,50,50,0.67,,,,🟢 Normal,1 variantes
maquinaria pesada nombres,Maquinaria general,Comercial/Info,,Pendiente,50,50,0.0,,,,🟢 Normal,1 variantes
maquinaria ligera,Maquinaria general,Comercial/Info,,Pendiente,50,50,0.31,,,,🟢 Normal,1 variantes
mini excavadora yanmar precio,Miniexcavadoras,Comercial,,Pendiente,50,50,1.0,,,,🟢 Normal,1 variantes
precio hora excavadora giratoria,Excavadoras,Comercial,,Pendiente,50,50,0.08,,,,🟢 Normal,1 variantes
excavadora volvo 750 precio nueva,Excavadoras,Comercial,,Pendiente,50,50,0.01,,,,🟢 Normal,1 variantes
miniexcavadora 1700 kg,Miniexcavadoras,Comercial/Info,,Pendiente,40,40,1.0,,,,🟢 Normal,1 variantes
miniexcavadora kubota 1000 kg,Miniexcavadoras,Comercial/Info,,Pendiente,40,40,0.97,,,,🟢 Normal,1 variantes
micro excavadora segunda mano,Excavadoras,Comercial,,Pendiente,40,40,1.0,,,,🟢 Normal,1 variantes
pala excavadora segunda mano,Excavadoras,Comercial,,Pendiente,40,40,1.0,,,,🟢 Normal,1 variantes
precio retroexcavadora usada,Excavadoras,Comercial,,Pendiente,10,40,0.0,,,,🟢 Normal,"4 variantes: precio de retroexcavadora usada, retroexcavadora usada precio, retroexcavadora precio usada"
plataforma elevadora de segunda mano,Plataformas elevación,Comercial,,Pendiente,40,40,0.95,,,,🟢 Normal,1 variantes
plataforma elevadora tijera 12 metros,Plataformas elevación,Comercial/Info,,Pendiente,40,40,0.79,,,,🟢 Normal,1 variantes
carretilla elevadora tijera,Plataformas elevación,Comercial/Info,,Pendiente,20,40,1.0,,,,🟢 Normal,2 variantes: carretilla elevadora de tijera
plataforma elevadora de tijera 6 metros,Plataformas elevación,Comercial/Info,,Pendiente,40,40,0.99,,,,🟢 Normal,1 variantes
dumper de segunda mano en extremadura,Dumpers y cargadoras,Comercial,,Pendiente,40,40,0.13,,,,🟢 Normal,1 variantes
venta de dumper de segunda mano,Dumpers y cargadoras,Comercial,,Pendiente,40,40,0.49,,,,🟢 Normal,1 variantes
dumper hormigonera autocargable de segunda mano,Dumpers y cargadoras,Comercial,,Pendiente,40,40,0.92,,,,🟢 Normal,1 variantes
dumper de obra 4x4 segunda mano cerca de ourense,Dumpers y cargadoras,Comercial,,Pendiente,40,40,0.08,,,,🟢 Normal,1 variantes
dumper de obra 4x4 segunda mano,Dumpers y cargadoras,Comercial,,Pendiente,40,40,0.2,,,,🟢 Normal,1 variantes
generadores de segunda mano particulares cerca de murcia,Generadores,Comercial,,Pendiente,40,40,1.0,,,,🟢 Normal,1 variantes
generadores de luz honda de segunda mano particulares,Generadores,Comercial,,Pendiente,40,40,1.0,,,,🟢 Normal,1 variantes
generador gasolina carrefour,Generadores,Comercial/Info,,Pendiente,40,40,1.0,,,,🟢 Normal,1 variantes
caseta de obra plegable,Casetas y contenedores,Comercial/Info,,Pendiente,40,40,1.0,,,,🟢 Normal,1 variantes
estructura caseta de obra,Casetas y contenedores,Comercial/Info,,Pendiente,40,40,1.0,,,,🟢 Normal,1 variantes
alquiler caseta de obra con baño precio,Casetas y contenedores,Comercial,,Pendiente,40,40,0.41,,,,🟢 Normal,1 variantes
alquiler caseta de obra con baño,Casetas y contenedores,Comercial/Info,,Pendiente,40,40,0.37,,,,🟢 Normal,1 variantes
comprar caseta de obra con baño,Casetas y contenedores,Comercial,,Pendiente,40,40,1.0,,,,🟢 Normal,1 variantes
aire acondicionado caseta de obra,Casetas y contenedores,Comercial/Info,,Pendiente,30,40,0.96,,,,🟢 Normal,2 variantes: caseta de obra con aire acondicionado
hacer caseta de obra en jardin,Casetas y contenedores,Comercial/Info,,Pendiente,20,40,0.99,,,,🟢 Normal,2 variantes: hacer caseta jardin de obra
venta de contenedores usados en valencia,Casetas y contenedores,Comercial,,Pendiente,40,40,0.0,,,,🟢 Normal,1 variantes
contenedor marítimo 40 pies,Casetas y contenedores,Comercial/Info,,Pendiente,40,40,1.0,,,,🟢 Normal,1 variantes
venta de contenedores usados baratos tenerife,Casetas y contenedores,Comercial,,Pendiente,40,40,1.0,,,,🟢 Normal,1 variantes
venta de contenedores usados baratos en cantabria,Casetas y contenedores,Comercial,,Pendiente,40,40,1.0,,,,🟢 Normal,1 variantes
contenedores marítimos segunda mano valencia,Casetas y contenedores,Comercial,,Pendiente,40,40,1.0,,,,🟢 Normal,1 variantes
precio contenedor marítimo 12 metros,Casetas y contenedores,Comercial,,Pendiente,40,40,1.0,,,,🟢 Normal,1 variantes
contenedores marítimos frigoríficos usados baratos,Casetas y contenedores,Comercial,,Pendiente,40,40,0.99,,,,🟢 Normal,1 variantes
subastas de contenedores en valencia,Casetas y contenedores,Comercial/Info,,Pendiente,40,40,0.0,,,,🟢 Normal,1 variantes
contenedores de obra segunda mano galicia,Casetas y contenedores,Comercial,,Pendiente,40,40,1.0,,,,🟢 Normal,1 variantes
maquinaria de construcción usada en galicia,Maquinaria general,Comercial,,Pendiente,40,40,0.0,,,,🟢 Normal,1 variantes
