Campaign,Keyword,Match Type
ES | Compra | Maquinaria Construccion 2a Mano,alquiler,Phrase
ES | Compra | Maquinaria Construccion 2a Mano,alquilar,Phrase
ES | Compra | Maquinaria Construccion 2a Mano,renting,Phrase
ES | Compra | Maquinaria Construccion 2a Mano,leasing,Phrase
ES | Compra | Maquinaria Construccion 2a Mano,gratis,Phrase
ES | Compra | Maquinaria Construccion 2a Mano,gratuito,Phrase
ES | Compra | Maquinaria Construccion 2a Mano,curso,Phrase
ES | Compra | Maquinaria Construccion 2a Mano,cursos,Phrase
ES | Compra | Maquinaria Construccion 2a Mano,carnet,Phrase
ES | Compra | Maquinaria Construccion 2a Mano,carne,Phrase
ES | Compra | Maquinaria Construccion 2a Mano,formacion,Phrase
ES | Compra | Maquinaria Construccion 2a Mano,empleo,Phrase
ES | Compra | Maquinaria Construccion 2a Mano,trabajo,Phrase
ES | Compra | Maquinaria Construccion 2a Mano,juguete,Phrase
ES | Compra | Maquinaria Construccion 2a Mano,juguetes,Phrase
ES | Compra | Maquinaria Construccion 2a Mano,rc,Phrase
ES | Compra | Maquinaria Construccion 2a Mano,teledirigida,Phrase
ES | Compra | Maquinaria Construccion 2a Mano,radiocontrol,Phrase
ES | Compra | Maquinaria Construccion 2a Mano,escala,Phrase
ES | Compra | Maquinaria Construccion 2a Mano,gta,Phrase
ES | Compra | Maquinaria Construccion 2a Mano,simulador,Phrase
ES | Compra | Maquinaria Construccion 2a Mano,juego,Phrase
ES | Compra | Maquinaria Construccion 2a Mano,minecraft,Phrase
ES | Compra | Maquinaria Construccion 2a Mano,roblox,Phrase
ES | Compra | Maquinaria Construccion 2a Mano,lego,Phrase
ES | Compra | Maquinaria Construccion 2a Mano,playmobil,Phrase
ES | Compra | Maquinaria Construccion 2a Mano,pdf,Phrase
ES | Compra | Maquinaria Construccion 2a Mano,manual,Phrase
ES | Compra | Maquinaria Construccion 2a Mano,despiece,Phrase
ES | Compra | Maquinaria Construccion 2a Mano,wallpaper,Phrase
ES | Compra | Maquinaria Construccion 2a Mano,dibujo,Phrase
ES | Compra | Maquinaria Construccion 2a Mano,para colorear,Phrase
ES | Compra | Maquinaria Construccion 2a Mano,como se llama,Phrase
ES | Compra | Maquinaria Construccion 2a Mano,chatarra,Phrase
ES | Compra | Maquinaria Construccion 2a Mano,desguace,Phrase
