Campaign,Campaign Daily Budget,Ad Group,Max CPC,Keyword,Match Type,Ad type,Final URL,Path 1,Path 2,Headline 1,Headline 2,Headline 3,Headline 4,Headline 5,Headline 6,Headline 7,Headline 8,Headline 9,Headline 10,Headline 11,Headline 12,Headline 13,Headline 14,Headline 15,Description 1,Description 2,Description 3,Description 4
ES | Compra | Maquinaria Construccion 2a Mano,50,Excavadoras 2a mano,0.60,excavadora segunda mano,Exact,,,,,,,,,,,,,,,,,,,,,,,
ES | Compra | Maquinaria Construccion 2a Mano,50,Excavadoras 2a mano,0.60,excavadora ocasion,Exact,,,,,,,,,,,,,,,,,,,,,,,
ES | Compra | Maquinaria Construccion 2a Mano,50,Excavadoras 2a mano,0.60,comprar excavadora usada,Exact,,,,,,,,,,,,,,,,,,,,,,,
ES | Compra | Maquinaria Construccion 2a Mano,50,Excavadoras 2a mano,0.60,excavadora de segunda mano,Phrase,,,,,,,,,,,,,,,,,,,,,,,
ES | Compra | Maquinaria Construccion 2a Mano,50,Excavadoras 2a mano,0.60,excavadora oruga segunda mano,Phrase,,,,,,,,,,,,,,,,,,,,,,,
ES | Compra | Maquinaria Construccion 2a Mano,50,Excavadoras 2a mano,0.60,excavadora usada precio,Phrase,,,,,,,,,,,,,,,,,,,,,,,
ES | Compra | Maquinaria Construccion 2a Mano,50,Excavadoras 2a mano,0.60,excavadora giratoria ocasion,Phrase,,,,,,,,,,,,,,,,,,,,,,,
ES | Compra | Maquinaria Construccion 2a Mano,50,Excavadoras 2a mano,0.60,,,Responsive search ad,https://equipzilla.com/compra/maquinaria/ocasion/maquinaria-construccion-segunda-mano,Ocasion,Maquinaria,Excavadoras 2a Mano,Excavadoras de Ocasion,Excavadoras Revisadas,Excavadora Oruga Usada,Doosan Kubota Develon,Equipos Listos p/ Obra,Excavadora al Mejor Precio,Asesoramiento de Compra,Envio a Toda Espana,Compra con Confianza,Stock Disponible Ya,Pide Info Sin Compromiso,Financiacion a Consultar,Equipzilla Maquinaria,Atencion Personalizada,Excavadoras de segunda mano revisadas y operativas. Pide informacion sin compromiso.,"Oruga o ruedas, marcas Doosan, Kubota y Develon. Asesoramiento experto de compra.",Encuentra tu excavadora al mejor precio. Equipos seleccionados para rendir en obra.,Solicita tu presupuesto hoy. Envio a toda Espana y atencion personalizada.
ES | Compra | Maquinaria Construccion 2a Mano,50,Miniexcavadoras 2a mano,0.60,miniexcavadora segunda mano,Exact,,,,,,,,,,,,,,,,,,,,,,,
ES | Compra | Maquinaria Construccion 2a Mano,50,Miniexcavadoras 2a mano,0.60,mini excavadora ocasion,Exact,,,,,,,,,,,,,,,,,,,,,,,
ES | Compra | Maquinaria Construccion 2a Mano,50,Miniexcavadoras 2a mano,0.60,comprar miniexcavadora usada,Exact,,,,,,,,,,,,,,,,,,,,,,,
ES | Compra | Maquinaria Construccion 2a Mano,50,Miniexcavadoras 2a mano,0.60,miniexcavadora kubota segunda mano,Phrase,,,,,,,,,,,,,,,,,,,,,,,
ES | Compra | Maquinaria Construccion 2a Mano,50,Miniexcavadoras 2a mano,0.60,mini excavadora de segunda mano,Phrase,,,,,,,,,,,,,,,,,,,,,,,
ES | Compra | Maquinaria Construccion 2a Mano,50,Miniexcavadoras 2a mano,0.60,miniexcavadora precio ocasion,Phrase,,,,,,,,,,,,,,,,,,,,,,,
ES | Compra | Maquinaria Construccion 2a Mano,50,Miniexcavadoras 2a mano,0.60,,,Responsive search ad,https://equipzilla.com/compra/maquinaria/ocasion/maquinaria-construccion-segunda-mano,Ocasion,Maquinaria,Miniexcavadoras 2a Mano,Miniexcavadora Ocasion,Mini Excavadora Usada,Kubota Desde 13.900 EUR,Compactas y Revisadas,Ideal Obra y Jardin,Equipos Listos p/ Obra,Asesoramiento de Compra,Envio a Toda Espana,Compra con Confianza,Stock Disponible Ya,Pide Info Sin Compromiso,Mejor Precio Garantizado,Equipzilla Maquinaria,Atencion Personalizada,Miniexcavadoras de segunda mano revisadas. Kubota y mas marcas desde 13.900 EUR.,"Compactas, versatiles y listas para trabajar. Pide informacion sin compromiso.",Encuentra tu miniexcavadora al mejor precio. Asesoramiento experto de compra.,Solicita presupuesto hoy. Envio a toda Espana y atencion personalizada.
ES | Compra | Maquinaria Construccion 2a Mano,50,Minicargadoras 2a mano,0.60,minicargadora segunda mano,Exact,,,,,,,,,,,,,,,,,,,,,,,
ES | Compra | Maquinaria Construccion 2a Mano,50,Minicargadoras 2a mano,0.60,minicargadora ocasion,Exact,,,,,,,,,,,,,,,,,,,,,,,
ES | Compra | Maquinaria Construccion 2a Mano,50,Minicargadoras 2a mano,0.60,cargadora compacta usada,Phrase,,,,,,,,,,,,,,,,,,,,,,,
ES | Compra | Maquinaria Construccion 2a Mano,50,Minicargadoras 2a mano,0.60,comprar minicargadora usada,Phrase,,,,,,,,,,,,,,,,,,,,,,,
ES | Compra | Maquinaria Construccion 2a Mano,50,Minicargadoras 2a mano,0.60,bobcat segunda mano,Phrase,,,,,,,,,,,,,,,,,,,,,,,
ES | Compra | Maquinaria Construccion 2a Mano,50,Minicargadoras 2a mano,0.60,,,Responsive search ad,https://equipzilla.com/compra/maquinaria/ocasion/maquinaria-construccion-segunda-mano,Ocasion,Maquinaria,Minicargadoras 2a Mano,Minicargadora Ocasion,Cargadora Compacta Usada,Equipos Revisados,Listas para Trabajar,Doosan Kubota Develon,Equipos Listos p/ Obra,Asesoramiento de Compra,Envio a Toda Espana,Compra con Confianza,Stock Disponible Ya,Pide Info Sin Compromiso,Mejor Precio Garantizado,Equipzilla Maquinaria,Atencion Personalizada,Minicargadoras de segunda mano revisadas y operativas. Pide info sin compromiso.,Cargadoras compactas listas para trabajar. Asesoramiento experto de compra.,Encuentra tu minicargadora al mejor precio. Equipos seleccionados para la obra.,Solicita presupuesto hoy. Envio a toda Espana y atencion personalizada.
ES | Compra | Maquinaria Construccion 2a Mano,50,Dumpers 2a mano,0.60,dumper segunda mano,Exact,,,,,,,,,,,,,,,,,,,,,,,
ES | Compra | Maquinaria Construccion 2a Mano,50,Dumpers 2a mano,0.60,dumper ocasion,Exact,,,,,,,,,,,,,,,,,,,,,,,
ES | Compra | Maquinaria Construccion 2a Mano,50,Dumpers 2a mano,0.60,comprar dumper usado,Exact,,,,,,,,,,,,,,,,,,,,,,,
ES | Compra | Maquinaria Construccion 2a Mano,50,Dumpers 2a mano,0.60,dumper de obra usado,Phrase,,,,,,,,,,,,,,,,,,,,,,,
ES | Compra | Maquinaria Construccion 2a Mano,50,Dumpers 2a mano,0.60,dumper articulado segunda mano,Phrase,,,,,,,,,,,,,,,,,,,,,,,
ES | Compra | Maquinaria Construccion 2a Mano,50,Dumpers 2a mano,0.60,,,Responsive search ad,https://equipzilla.com/compra/maquinaria/ocasion/maquinaria-construccion-segunda-mano,Ocasion,Maquinaria,Dumpers 2a Mano,Dumper de Ocasion,Dumper de Obra Usado,Dumpers Revisados,Articulados y Rigidos,Listos para Trabajar,Equipos Listos p/ Obra,Asesoramiento de Compra,Envio a Toda Espana,Compra con Confianza,Stock Disponible Ya,Pide Info Sin Compromiso,Mejor Precio Garantizado,Equipzilla Maquinaria,Atencion Personalizada,Dumpers de obra de segunda mano revisados y operativos. Pide info sin compromiso.,"Articulados o rigidos, listos para trabajar. Asesoramiento experto de compra.",Encuentra tu dumper al mejor precio. Equipos seleccionados para rendir en obra.,Solicita presupuesto hoy. Envio a toda Espana y atencion personalizada.
ES | Compra | Maquinaria Construccion 2a Mano,50,Rodillos y compactadores 2a mano,0.60,rodillo compactador segunda mano,Exact,,,,,,,,,,,,,,,,,,,,,,,
ES | Compra | Maquinaria Construccion 2a Mano,50,Rodillos y compactadores 2a mano,0.60,rodillo compactador ocasion,Exact,,,,,,,,,,,,,,,,,,,,,,,
ES | Compra | Maquinaria Construccion 2a Mano,50,Rodillos y compactadores 2a mano,0.60,compactadora usada,Phrase,,,,,,,,,,,,,,,,,,,,,,,
ES | Compra | Maquinaria Construccion 2a Mano,50,Rodillos y compactadores 2a mano,0.60,rodillo tandem segunda mano,Phrase,,,,,,,,,,,,,,,,,,,,,,,
ES | Compra | Maquinaria Construccion 2a Mano,50,Rodillos y compactadores 2a mano,0.60,comprar rodillo compactador usado,Phrase,,,,,,,,,,,,,,,,,,,,,,,
ES | Compra | Maquinaria Construccion 2a Mano,50,Rodillos y compactadores 2a mano,0.60,,,Responsive search ad,https://equipzilla.com/compra/maquinaria/ocasion/maquinaria-construccion-segunda-mano,Ocasion,Maquinaria,Rodillos 2a Mano,Rodillo Compactador,Compactadora Usada,Rodillo Tandem Ocasion,Rodillos Revisados,Listos para Trabajar,Equipos Listos p/ Obra,Asesoramiento de Compra,Envio a Toda Espana,Compra con Confianza,Stock Disponible Ya,Pide Info Sin Compromiso,Mejor Precio Garantizado,Equipzilla Maquinaria,Atencion Personalizada,Rodillos compactadores de segunda mano revisados. Pide informacion sin compromiso.,"Tandem o mixtos, listos para trabajar. Asesoramiento experto de compra.",Encuentra tu compactadora al mejor precio. Equipos seleccionados para la obra.,Solicita presupuesto hoy. Envio a toda Espana y atencion personalizada.
ES | Compra | Maquinaria Construccion 2a Mano,50,Maquinaria construccion 2a mano (generico),0.60,maquinaria construccion segunda mano,Phrase,,,,,,,,,,,,,,,,,,,,,,,
ES | Compra | Maquinaria Construccion 2a Mano,50,Maquinaria construccion 2a mano (generico),0.60,maquinaria de obra usada,Phrase,,,,,,,,,,,,,,,,,,,,,,,
ES | Compra | Maquinaria Construccion 2a Mano,50,Maquinaria construccion 2a mano (generico),0.60,maquinaria pesada ocasion,Phrase,,,,,,,,,,,,,,,,,,,,,,,
ES | Compra | Maquinaria Construccion 2a Mano,50,Maquinaria construccion 2a mano (generico),0.60,comprar maquinaria construccion usada,Phrase,,,,,,,,,,,,,,,,,,,,,,,
ES | Compra | Maquinaria Construccion 2a Mano,50,Maquinaria construccion 2a mano (generico),0.60,maquinaria obra publica segunda mano,Phrase,,,,,,,,,,,,,,,,,,,,,,,
ES | Compra | Maquinaria Construccion 2a Mano,50,Maquinaria construccion 2a mano (generico),0.60,maquinaria construccion ocasion,Exact,,,,,,,,,,,,,,,,,,,,,,,
ES | Compra | Maquinaria Construccion 2a Mano,50,Maquinaria construccion 2a mano (generico),0.60,,,Responsive search ad,https://equipzilla.com/compra/maquinaria/ocasion/maquinaria-construccion-segunda-mano,Ocasion,Maquinaria,Maquinaria 2a Mano,Maquinaria de Obra Usada,Maquinaria de Ocasion,Equipos Revisados,Desde 13.900 EUR,Doosan Kubota Develon,Excavadoras y Dumpers,Asesoramiento de Compra,Envio a Toda Espana,Compra con Confianza,Stock Disponible Ya,Pide Info Sin Compromiso,Mejor Precio Garantizado,Equipzilla Maquinaria,Atencion Personalizada,Maquinaria de construccion de 2a mano revisada y operativa. Pide info sin compromiso.,"Excavadoras, dumpers, rodillos y mas. Marcas Doosan, Kubota y Develon.",Encuentra la maquina ideal al mejor precio. Asesoramiento experto de compra.,Equipos seleccionados para rendir en obra. Solicita tu presupuesto hoy mismo.
ES | Compra | Maquinaria Construccion 2a Mano,50,Marcas ocasion (Doosan Kubota Develon),0.60,excavadora doosan segunda mano,Phrase,,,,,,,,,,,,,,,,,,,,,,,
ES | Compra | Maquinaria Construccion 2a Mano,50,Marcas ocasion (Doosan Kubota Develon),0.60,kubota segunda mano,Phrase,,,,,,,,,,,,,,,,,,,,,,,
ES | Compra | Maquinaria Construccion 2a Mano,50,Marcas ocasion (Doosan Kubota Develon),0.60,develon ocasion,Phrase,,,,,,,,,,,,,,,,,,,,,,,
ES | Compra | Maquinaria Construccion 2a Mano,50,Marcas ocasion (Doosan Kubota Develon),0.60,doosan usada,Phrase,,,,,,,,,,,,,,,,,,,,,,,
ES | Compra | Maquinaria Construccion 2a Mano,50,Marcas ocasion (Doosan Kubota Develon),0.60,maquinaria kubota ocasion,Phrase,,,,,,,,,,,,,,,,,,,,,,,
ES | Compra | Maquinaria Construccion 2a Mano,50,Marcas ocasion (Doosan Kubota Develon),0.60,,,Responsive search ad,https://equipzilla.com/compra/maquinaria/ocasion/maquinaria-construccion-segunda-mano,Ocasion,Maquinaria,Doosan de Ocasion,Kubota Segunda Mano,Develon Ocasion,Maquinaria Doosan Usada,Equipos Revisados,Desde 13.900 EUR,Excavadoras y Cargadoras,Asesoramiento de Compra,Envio a Toda Espana,Compra con Confianza,Stock Disponible Ya,Pide Info Sin Compromiso,Mejor Precio Garantizado,Equipzilla Maquinaria,Atencion Personalizada,"Doosan, Kubota y Develon de segunda mano revisadas. Pide info sin compromiso.",Maquinaria de marca revisada y operativa. Asesoramiento experto de compra.,Encuentra tu equipo de marca al mejor precio. Seleccionado para rendir en obra.,Solicita presupuesto hoy. Envio a toda Espana y atencion personalizada.
