98	https://equipzilla.com/compra/maquinaria/ocasion/manipulacion-elevacion-cargas-segunda-mano/carretilla-elevadora-segunda-mano/carretillas-elevadoras-diesel-segunda-mano/xgs28e-98
287	https://equipzilla.com/compra/maquinaria/ocasion/energia-aire-agua-segunda-mano/grupos-electrogenos-segunda-mano/gsw3365m-287
288	https://equipzilla.com/compra/maquinaria/ocasion/energia-aire-agua-segunda-mano/grupos-electrogenos-segunda-mano/gsw815p-288
289	https://equipzilla.com/compra/maquinaria/ocasion/energia-aire-agua-segunda-mano/grupos-electrogenos-segunda-mano/gsw1270m-289
290	https://equipzilla.com/compra/maquinaria/ocasion/energia-aire-agua-segunda-mano/grupos-electrogenos-segunda-mano/gsw515p-290
291	https://equipzilla.com/compra/maquinaria/ocasion/energia-aire-agua-segunda-mano/grupos-electrogenos-segunda-mano/gsw360v-291
292	https://equipzilla.com/compra/maquinaria/ocasion/energia-aire-agua-segunda-mano/grupos-electrogenos-segunda-mano/gsw200p-292
293	https://equipzilla.com/compra/maquinaria/ocasion/energia-aire-agua-segunda-mano/grupos-electrogenos-segunda-mano/gsw165p-293
294	https://equipzilla.com/compra/maquinaria/ocasion/energia-aire-agua-segunda-mano/grupos-electrogenos-segunda-mano/gsw110v-294
295	https://equipzilla.com/compra/maquinaria/ocasion/energia-aire-agua-segunda-mano/grupos-electrogenos-segunda-mano/gsw80p-295
296	https://equipzilla.com/compra/maquinaria/ocasion/energia-aire-agua-segunda-mano/grupos-electrogenos-segunda-mano/gsw65p-296
297	https://equipzilla.com/compra/maquinaria/ocasion/energia-aire-agua-segunda-mano/grupos-electrogenos-segunda-mano/gsw45p-297
298	https://equipzilla.com/compra/maquinaria/ocasion/energia-aire-agua-segunda-mano/grupos-electrogenos-segunda-mano/gsw30p-298
299	https://equipzilla.com/compra/maquinaria/ocasion/energia-aire-agua-segunda-mano/grupos-electrogenos-segunda-mano/ggw750g-299
300	https://equipzilla.com/compra/maquinaria/ocasion/energia-aire-agua-segunda-mano/grupos-electrogenos-segunda-mano/ggw300g-300
301	https://equipzilla.com/compra/maquinaria/ocasion/energia-aire-agua-segunda-mano/grupos-electrogenos-segunda-mano/ggw625g-301
302	https://equipzilla.com/compra/maquinaria/ocasion/energia-aire-agua-segunda-mano/grupos-electrogenos-segunda-mano/ggw500g-302
303	https://equipzilla.com/compra/maquinaria/ocasion/energia-aire-agua-segunda-mano/grupos-electrogenos-segunda-mano/ggw400g-303
304	https://equipzilla.com/compra/maquinaria/ocasion/energia-aire-agua-segunda-mano/grupos-electrogenos-segunda-mano/ggw200g-304
305	https://equipzilla.com/compra/maquinaria/ocasion/manipulacion-elevacion-cargas-segunda-mano/grua-hidraulica-segunda-mano/100ie-305
306	https://equipzilla.com/compra/maquinaria/ocasion/manipulacion-elevacion-cargas-segunda-mano/grua-hidraulica-segunda-mano/55-60ie-306
307	https://equipzilla.com/compra/maquinaria/ocasion/manipulacion-elevacion-cargas-segunda-mano/grua-hidraulica-segunda-mano/50iek-307
308	https://equipzilla.com/compra/maquinaria/ocasion/manipulacion-elevacion-cargas-segunda-mano/grua-hidraulica-segunda-mano/40ie-308
309	https://equipzilla.com/compra/maquinaria/ocasion/manipulacion-elevacion-cargas-segunda-mano/grua-hidraulica-segunda-mano/35ie-309
310	https://equipzilla.com/compra/maquinaria/ocasion/manipulacion-elevacion-cargas-segunda-mano/grua-hidraulica-segunda-mano/30iek-310
311	https://equipzilla.com/compra/maquinaria/ocasion/manipulacion-elevacion-cargas-segunda-mano/grua-hidraulica-segunda-mano/15ie-311
681	https://equipzilla.com/compra/maquinaria/ocasion/plataforma-elevadora-segunda-mano/plataformas-articuladas-segunda-mano/plataformas-articuladas-diesel-segunda-mano/gam-4181-681
682	https://equipzilla.com/compra/maquinaria/ocasion/plataforma-elevadora-segunda-mano/plataformas-articuladas-segunda-mano/plataformas-articuladas-diesel-segunda-mano/gam-3814-682
683	https://equipzilla.com/compra/maquinaria/ocasion/plataforma-elevadora-segunda-mano/plataformas-articuladas-segunda-mano/plataformas-articuladas-diesel-segunda-mano/gam-4926-683
684	https://equipzilla.com/compra/maquinaria/ocasion/plataforma-elevadora-segunda-mano/plataformas-articuladas-segunda-mano/plataformas-articuladas-diesel-segunda-mano/gam-6104-684
685	https://equipzilla.com/compra/maquinaria/ocasion/plataforma-elevadora-segunda-mano/plataformas-articuladas-segunda-mano/plataformas-articuladas-diesel-segunda-mano/gam-6105-685
686	https://equipzilla.com/compra/maquinaria/ocasion/plataforma-elevadora-segunda-mano/plataformas-articuladas-segunda-mano/plataformas-articuladas-diesel-segunda-mano/gam-6095-686
687	https://equipzilla.com/compra/maquinaria/ocasion/plataforma-elevadora-segunda-mano/plataformas-articuladas-segunda-mano/plataformas-articuladas-diesel-segunda-mano/gam-5753-687
688	https://equipzilla.com/compra/maquinaria/ocasion/plataforma-elevadora-segunda-mano/plataformas-articuladas-segunda-mano/plataformas-articuladas-diesel-segunda-mano/gam-5855-688
689	https://equipzilla.com/compra/maquinaria/ocasion/plataforma-elevadora-segunda-mano/plataformas-articuladas-segunda-mano/plataformas-articuladas-diesel-segunda-mano/gam-4925-689
690	https://equipzilla.com/compra/maquinaria/ocasion/plataforma-elevadora-segunda-mano/plataformas-articuladas-segunda-mano/plataformas-articuladas-diesel-segunda-mano/gam-4954-690
691	https://equipzilla.com/compra/maquinaria/ocasion/plataforma-elevadora-segunda-mano/plataformas-articuladas-segunda-mano/plataformas-articuladas-diesel-segunda-mano/gam-6139-691
692	https://equipzilla.com/compra/maquinaria/ocasion/plataforma-elevadora-segunda-mano/plataformas-articuladas-segunda-mano/plataformas-articuladas-diesel-segunda-mano/gam-5097-692
693	https://equipzilla.com/compra/maquinaria/ocasion/plataforma-elevadora-segunda-mano/plataformas-articuladas-segunda-mano/plataformas-articuladas-diesel-segunda-mano/gam-5100-693
694	https://equipzilla.com/compra/maquinaria/ocasion/plataforma-elevadora-segunda-mano/plataformas-articuladas-segunda-mano/plataformas-articuladas-diesel-segunda-mano/gam-6184-694
695	https://equipzilla.com/compra/maquinaria/ocasion/plataforma-elevadora-segunda-mano/plataformas-articuladas-segunda-mano/plataformas-articuladas-diesel-segunda-mano/gam-6183-695
696	https://equipzilla.com/compra/maquinaria/ocasion/plataforma-elevadora-segunda-mano/plataformas-articuladas-segunda-mano/plataformas-articuladas-diesel-segunda-mano/gam-5875-696
697	https://equipzilla.com/compra/maquinaria/ocasion/plataforma-elevadora-segunda-mano/plataformas-articuladas-segunda-mano/plataformas-articuladas-diesel-segunda-mano/gam-6011-697
698	https://equipzilla.com/compra/maquinaria/ocasion/plataforma-elevadora-segunda-mano/plataformas-articuladas-segunda-mano/plataformas-articuladas-diesel-segunda-mano/gam-4642-698
699	https://equipzilla.com/compra/maquinaria/ocasion/plataforma-elevadora-segunda-mano/plataformas-articuladas-segunda-mano/plataformas-articuladas-diesel-segunda-mano/gam-4840-699
700	https://equipzilla.com/compra/maquinaria/ocasion/plataforma-elevadora-segunda-mano/plataformas-articuladas-segunda-mano/plataformas-articuladas-diesel-segunda-mano/gam-4929-700
701	https://equipzilla.com/compra/maquinaria/ocasion/plataforma-elevadora-segunda-mano/plataformas-articuladas-segunda-mano/plataformas-articuladas-electricas-segunda-mano/gam-6077-701
702	https://equipzilla.com/compra/maquinaria/ocasion/plataforma-elevadora-segunda-mano/plataformas-articuladas-segunda-mano/plataformas-articuladas-electricas-segunda-mano/gam-6126-702
703	https://equipzilla.com/compra/maquinaria/ocasion/plataforma-elevadora-segunda-mano/plataformas-articuladas-segunda-mano/plataformas-articuladas-electricas-segunda-mano/gam-6202-703
704	https://equipzilla.com/compra/maquinaria/ocasion/plataforma-elevadora-segunda-mano/plataformas-articuladas-segunda-mano/plataformas-articuladas-electricas-segunda-mano/gam-4423-704
705	https://equipzilla.com/compra/maquinaria/ocasion/plataforma-elevadora-segunda-mano/plataformas-articuladas-segunda-mano/plataformas-articuladas-electricas-segunda-mano/gam-4488-705
706	https://equipzilla.com/compra/maquinaria/ocasion/plataforma-elevadora-segunda-mano/plataformas-articuladas-segunda-mano/plataformas-articuladas-electricas-segunda-mano/gam-4417-706
707	https://equipzilla.com/compra/maquinaria/ocasion/plataforma-elevadora-segunda-mano/plataformas-articuladas-segunda-mano/plataformas-articuladas-electricas-segunda-mano/gam-4425-707
708	https://equipzilla.com/compra/maquinaria/ocasion/plataforma-elevadora-segunda-mano/plataformas-articuladas-segunda-mano/plataformas-articuladas-electricas-segunda-mano/gam-5730-708
709	https://equipzilla.com/compra/maquinaria/ocasion/plataforma-elevadora-segunda-mano/plataformas-articuladas-segunda-mano/plataformas-articuladas-electricas-segunda-mano/gam-6092-709
710	https://equipzilla.com/compra/maquinaria/ocasion/plataforma-elevadora-segunda-mano/plataformas-articuladas-segunda-mano/plataformas-articuladas-electricas-segunda-mano/gam-4891-710
711	https://equipzilla.com/compra/maquinaria/ocasion/plataforma-elevadora-segunda-mano/plataformas-articuladas-segunda-mano/plataformas-articuladas-electricas-segunda-mano/gam-5084-711
712	https://equipzilla.com/compra/maquinaria/ocasion/plataforma-elevadora-segunda-mano/plataformas-articuladas-segunda-mano/plataformas-articuladas-electricas-segunda-mano/gam-5099-712
713	https://equipzilla.com/compra/maquinaria/ocasion/plataforma-elevadora-segunda-mano/plataformas-articuladas-segunda-mano/plataformas-articuladas-electricas-segunda-mano/gam-4700-713
714	https://equipzilla.com/compra/maquinaria/ocasion/plataforma-elevadora-segunda-mano/plataformas-articuladas-segunda-mano/plataformas-articuladas-electricas-segunda-mano/gam-5098-714
715	https://equipzilla.com/compra/maquinaria/ocasion/plataforma-elevadora-segunda-mano/plataformas-articuladas-segunda-mano/plataformas-articuladas-electricas-segunda-mano/gam-5930-715
716	https://equipzilla.com/compra/maquinaria/ocasion/plataforma-elevadora-segunda-mano/plataformas-articuladas-segunda-mano/plataformas-articuladas-electricas-segunda-mano/gam-6137-716
717	https://equipzilla.com/compra/maquinaria/ocasion/plataforma-elevadora-segunda-mano/plataformas-articuladas-segunda-mano/plataformas-articuladas-electricas-segunda-mano/gam-4599-717
718	https://equipzilla.com/compra/maquinaria/ocasion/plataforma-elevadora-segunda-mano/plataformas-articuladas-segunda-mano/plataformas-articuladas-electricas-segunda-mano/gam-6206-718
719	https://equipzilla.com/compra/maquinaria/ocasion/plataforma-elevadora-segunda-mano/plataformas-tijera-segunda-mano/plataformas-tijera-diesel-segunda-mano/gam-4262-719
720	https://equipzilla.com/compra/maquinaria/ocasion/plataforma-elevadora-segunda-mano/plataformas-tijera-segunda-mano/plataformas-tijera-diesel-segunda-mano/gam-5805-720
721	https://equipzilla.com/compra/maquinaria/ocasion/plataforma-elevadora-segunda-mano/plataformas-tijera-segunda-mano/plataformas-tijera-diesel-segunda-mano/gam-4872-721
722	https://equipzilla.com/compra/maquinaria/ocasion/plataforma-elevadora-segunda-mano/plataformas-tijera-segunda-mano/plataformas-tijera-diesel-segunda-mano/gam-4602-722
723	https://equipzilla.com/compra/maquinaria/ocasion/plataforma-elevadora-segunda-mano/plataformas-tijera-segunda-mano/plataformas-tijera-diesel-segunda-mano/gam-4620-723
724	https://equipzilla.com/compra/maquinaria/ocasion/plataforma-elevadora-segunda-mano/plataformas-tijera-segunda-mano/plataformas-tijera-diesel-segunda-mano/gam-4601-724
725	https://equipzilla.com/compra/maquinaria/ocasion/plataforma-elevadora-segunda-mano/plataformas-tijera-segunda-mano/plataformas-tijera-diesel-segunda-mano/gam-4603-725
726	https://equipzilla.com/compra/maquinaria/ocasion/plataforma-elevadora-segunda-mano/plataformas-tijera-segunda-mano/plataformas-tijera-diesel-segunda-mano/gam-4161-726
727	https://equipzilla.com/compra/maquinaria/ocasion/plataforma-elevadora-segunda-mano/plataformas-tijera-segunda-mano/plataformas-tijera-diesel-segunda-mano/gam-6039-727
728	https://equipzilla.com/compra/maquinaria/ocasion/plataforma-elevadora-segunda-mano/plataformas-tijera-segunda-mano/plataformas-tijera-diesel-segunda-mano/gam-6048-728
729	https://equipzilla.com/compra/maquinaria/ocasion/plataforma-elevadora-segunda-mano/plataformas-tijera-segunda-mano/plataformas-tijera-diesel-segunda-mano/gam-6050-729
730	https://equipzilla.com/compra/maquinaria/ocasion/plataforma-elevadora-segunda-mano/plataformas-tijera-segunda-mano/plataformas-tijera-diesel-segunda-mano/gam-6051-730
731	https://equipzilla.com/compra/maquinaria/ocasion/plataforma-elevadora-segunda-mano/plataformas-tijera-segunda-mano/plataformas-tijera-diesel-segunda-mano/gam-6052-731
732	https://equipzilla.com/compra/maquinaria/ocasion/plataforma-elevadora-segunda-mano/plataformas-tijera-segunda-mano/plataformas-tijera-diesel-segunda-mano/gam-6131-732
733	https://equipzilla.com/compra/maquinaria/ocasion/plataforma-elevadora-segunda-mano/plataformas-tijera-segunda-mano/plataformas-tijera-diesel-segunda-mano/gam-4950-733
734	https://equipzilla.com/compra/maquinaria/ocasion/plataforma-elevadora-segunda-mano/plataformas-tijera-segunda-mano/plataformas-tijera-diesel-segunda-mano/gam-4556-734
735	https://equipzilla.com/compra/maquinaria/ocasion/plataforma-elevadora-segunda-mano/plataformas-tijera-segunda-mano/plataformas-tijera-diesel-segunda-mano/gam-4588-735
736	https://equipzilla.com/compra/maquinaria/ocasion/plataforma-elevadora-segunda-mano/plataformas-tijera-segunda-mano/plataformas-tijera-diesel-segunda-mano/gam-4958-736
737	https://equipzilla.com/compra/maquinaria/ocasion/plataforma-elevadora-segunda-mano/plataformas-tijera-segunda-mano/plataformas-tijera-electricas-segunda-mano/gam-4900-737
738	https://equipzilla.com/compra/maquinaria/ocasion/plataforma-elevadora-segunda-mano/plataformas-tijera-segunda-mano/plataformas-tijera-electricas-segunda-mano/gam-5940-738
739	https://equipzilla.com/compra/maquinaria/ocasion/plataforma-elevadora-segunda-mano/plataformas-tijera-segunda-mano/plataformas-tijera-electricas-segunda-mano/gam-6158-739
740	https://equipzilla.com/compra/maquinaria/ocasion/plataforma-elevadora-segunda-mano/plataformas-tijera-segunda-mano/plataformas-tijera-electricas-segunda-mano/gam-4673-740
741	https://equipzilla.com/compra/maquinaria/ocasion/plataforma-elevadora-segunda-mano/plataformas-tijera-segunda-mano/plataformas-tijera-electricas-segunda-mano/gam-5246-741
742	https://equipzilla.com/compra/maquinaria/ocasion/plataforma-elevadora-segunda-mano/plataformas-tijera-segunda-mano/plataformas-tijera-electricas-segunda-mano/gam-6196-742
743	https://equipzilla.com/compra/maquinaria/ocasion/plataforma-elevadora-segunda-mano/plataformas-tijera-segunda-mano/plataformas-tijera-electricas-segunda-mano/gam-6195-743
744	https://equipzilla.com/compra/maquinaria/ocasion/plataforma-elevadora-segunda-mano/plataformas-tijera-segunda-mano/plataformas-tijera-electricas-segunda-mano/gam-5203-744
745	https://equipzilla.com/compra/maquinaria/ocasion/plataforma-elevadora-segunda-mano/plataformas-tijera-segunda-mano/plataformas-tijera-electricas-segunda-mano/gam-5979-745
746	https://equipzilla.com/compra/maquinaria/ocasion/plataforma-elevadora-segunda-mano/plataformas-tijera-segunda-mano/plataformas-tijera-electricas-segunda-mano/gam-6041-746
747	https://equipzilla.com/compra/maquinaria/ocasion/plataforma-elevadora-segunda-mano/plataformas-tijera-segunda-mano/plataformas-tijera-electricas-segunda-mano/gam-6042-747
748	https://equipzilla.com/compra/maquinaria/ocasion/plataforma-elevadora-segunda-mano/plataformas-tijera-segunda-mano/plataformas-tijera-electricas-segunda-mano/gam-6130-748
749	https://equipzilla.com/compra/maquinaria/ocasion/plataforma-elevadora-segunda-mano/plataformas-tijera-segunda-mano/plataformas-tijera-electricas-segunda-mano/gam-6143-749
750	https://equipzilla.com/compra/maquinaria/ocasion/plataforma-elevadora-segunda-mano/plataformas-tijera-segunda-mano/plataformas-tijera-electricas-segunda-mano/gam-6134-750
751	https://equipzilla.com/compra/maquinaria/ocasion/plataforma-elevadora-segunda-mano/plataformas-tijera-segunda-mano/plataformas-tijera-electricas-segunda-mano/gam-6040-751
752	https://equipzilla.com/compra/maquinaria/ocasion/plataforma-elevadora-segunda-mano/plataformas-tijera-segunda-mano/plataformas-tijera-electricas-segunda-mano/gam-6132-752
753	https://equipzilla.com/compra/maquinaria/ocasion/plataforma-elevadora-segunda-mano/plataformas-tijera-segunda-mano/plataformas-tijera-electricas-segunda-mano/gam-6194-753
754	https://equipzilla.com/compra/maquinaria/ocasion/plataforma-elevadora-segunda-mano/plataformas-tijera-segunda-mano/plataformas-tijera-electricas-segunda-mano/gam-6046-754
755	https://equipzilla.com/compra/maquinaria/ocasion/plataforma-elevadora-segunda-mano/plataformas-tijera-segunda-mano/plataformas-tijera-electricas-segunda-mano/gam-6063-755
756	https://equipzilla.com/compra/maquinaria/ocasion/plataforma-elevadora-segunda-mano/plataformas-tijera-segunda-mano/plataformas-tijera-electricas-segunda-mano/gam-6064-756
757	https://equipzilla.com/compra/maquinaria/ocasion/plataforma-elevadora-segunda-mano/plataformas-tijera-segunda-mano/plataformas-tijera-electricas-segunda-mano/gam-6065-757
758	https://equipzilla.com/compra/maquinaria/ocasion/plataforma-elevadora-segunda-mano/plataformas-tijera-segunda-mano/plataformas-tijera-electricas-segunda-mano/gam-6066-758
759	https://equipzilla.com/compra/maquinaria/ocasion/plataforma-elevadora-segunda-mano/plataformas-tijera-segunda-mano/plataformas-tijera-electricas-segunda-mano/gam-6075-759
760	https://equipzilla.com/compra/maquinaria/ocasion/plataforma-elevadora-segunda-mano/plataformas-tijera-segunda-mano/plataformas-tijera-electricas-segunda-mano/gam-6109-760
761	https://equipzilla.com/compra/maquinaria/ocasion/plataforma-elevadora-segunda-mano/plataformas-tijera-segunda-mano/plataformas-tijera-electricas-segunda-mano/gam-6204-761
762	https://equipzilla.com/compra/maquinaria/ocasion/plataforma-elevadora-segunda-mano/plataformas-tijera-segunda-mano/plataformas-tijera-electricas-segunda-mano/gam-5845-762
763	https://equipzilla.com/compra/maquinaria/ocasion/plataforma-elevadora-segunda-mano/plataformas-tijera-segunda-mano/plataformas-tijera-electricas-segunda-mano/gam-5912-763
764	https://equipzilla.com/compra/maquinaria/ocasion/plataforma-elevadora-segunda-mano/plataformas-tijera-segunda-mano/plataformas-tijera-electricas-segunda-mano/gam-3637-764
765	https://equipzilla.com/compra/maquinaria/ocasion/plataforma-elevadora-segunda-mano/plataformas-tijera-segunda-mano/plataformas-tijera-electricas-segunda-mano/gam-6160-765
766	https://equipzilla.com/compra/maquinaria/ocasion/plataforma-elevadora-segunda-mano/plataformas-tijera-segunda-mano/plataformas-tijera-electricas-segunda-mano/gam-4284-766
767	https://equipzilla.com/compra/maquinaria/ocasion/plataforma-elevadora-segunda-mano/plataformas-elevadoras-telescopicas-segunda-mano/gam-3961-767
768	https://equipzilla.com/compra/maquinaria/ocasion/plataforma-elevadora-segunda-mano/plataformas-elevadoras-telescopicas-segunda-mano/gam-5071-768
769	https://equipzilla.com/compra/maquinaria/ocasion/plataforma-elevadora-segunda-mano/plataformas-unipersonales-segunda-mano/gam-6078-769
770	https://equipzilla.com/compra/maquinaria/ocasion/plataforma-elevadora-segunda-mano/plataformas-unipersonales-segunda-mano/gam-3960-770
771	https://equipzilla.com/compra/maquinaria/ocasion/plataforma-elevadora-segunda-mano/plataformas-unipersonales-segunda-mano/gam-6076-771
772	https://equipzilla.com/compra/maquinaria/ocasion/plataforma-elevadora-segunda-mano/plataformas-unipersonales-segunda-mano/gam-6068-772
773	https://equipzilla.com/compra/maquinaria/ocasion/plataforma-elevadora-segunda-mano/plataformas-unipersonales-segunda-mano/gam-6069-773
774	https://equipzilla.com/compra/maquinaria/ocasion/plataforma-elevadora-segunda-mano/plataformas-unipersonales-segunda-mano/gam-6072-774
775	https://equipzilla.com/compra/maquinaria/ocasion/plataforma-elevadora-segunda-mano/plataformas-unipersonales-segunda-mano/gam-6129-775
776	https://equipzilla.com/compra/maquinaria/ocasion/plataforma-elevadora-segunda-mano/plataformas-unipersonales-segunda-mano/gam-6094-776
777	https://equipzilla.com/compra/maquinaria/ocasion/plataforma-elevadora-segunda-mano/plataformas-elevadoras-sobre-camion-segunda-mano/gam-5954-777
778	https://equipzilla.com/compra/maquinaria/ocasion/manipulacion-elevacion-cargas-segunda-mano/transpaleta-segunda-mano/transpaletas-electricas-segunda-mano/gam-5961-778
779	https://equipzilla.com/compra/maquinaria/ocasion/manipulacion-elevacion-cargas-segunda-mano/carretilla-elevadora-segunda-mano/carretillas-elevadoras-glp-segunda-mano/gam-5056-779
780	https://equipzilla.com/compra/maquinaria/ocasion/manipulacion-elevacion-cargas-segunda-mano/carretilla-elevadora-segunda-mano/carretillas-elevadoras-glp-segunda-mano/gam-5049-780
781	https://equipzilla.com/compra/maquinaria/ocasion/manipulacion-elevacion-cargas-segunda-mano/carretilla-elevadora-segunda-mano/carretillas-elevadoras-glp-segunda-mano/gam-5055-781
782	https://equipzilla.com/compra/maquinaria/ocasion/manipulacion-elevacion-cargas-segunda-mano/carretilla-elevadora-segunda-mano/carretillas-elevadoras-glp-segunda-mano/gam-4870-782
783	https://equipzilla.com/compra/maquinaria/ocasion/manipulacion-elevacion-cargas-segunda-mano/carretilla-elevadora-segunda-mano/carretillas-elevadoras-glp-segunda-mano/gam-4216-783
784	https://equipzilla.com/compra/maquinaria/ocasion/manipulacion-elevacion-cargas-segunda-mano/carretilla-elevadora-segunda-mano/carretillas-elevadoras-glp-segunda-mano/gam-5119-784
785	https://equipzilla.com/compra/maquinaria/ocasion/manipulacion-elevacion-cargas-segunda-mano/carretilla-elevadora-segunda-mano/carretillas-elevadoras-glp-segunda-mano/gam-5095-785
786	https://equipzilla.com/compra/maquinaria/ocasion/manipulacion-elevacion-cargas-segunda-mano/carretilla-elevadora-segunda-mano/carretillas-elevadoras-glp-segunda-mano/gam-4231-786
787	https://equipzilla.com/compra/maquinaria/ocasion/manipulacion-elevacion-cargas-segunda-mano/carretilla-elevadora-segunda-mano/carretillas-elevadoras-glp-segunda-mano/gam-4687-787
788	https://equipzilla.com/compra/maquinaria/ocasion/manipulacion-elevacion-cargas-segunda-mano/carretilla-elevadora-segunda-mano/carretillas-elevadoras-glp-segunda-mano/gam-5107-788
789	https://equipzilla.com/compra/maquinaria/ocasion/manipulacion-elevacion-cargas-segunda-mano/carretilla-elevadora-segunda-mano/carretillas-elevadoras-glp-segunda-mano/gam-5108-789
790	https://equipzilla.com/compra/maquinaria/ocasion/manipulacion-elevacion-cargas-segunda-mano/carretilla-elevadora-segunda-mano/carretillas-elevadoras-glp-segunda-mano/gam-5109-790
791	https://equipzilla.com/compra/maquinaria/ocasion/manipulacion-elevacion-cargas-segunda-mano/carretilla-elevadora-segunda-mano/carretillas-elevadoras-glp-segunda-mano/gam-5113-791
792	https://equipzilla.com/compra/maquinaria/ocasion/manipulacion-elevacion-cargas-segunda-mano/carretilla-elevadora-segunda-mano/carretillas-elevadoras-glp-segunda-mano/gam-5114-792
793	https://equipzilla.com/compra/maquinaria/ocasion/manipulacion-elevacion-cargas-segunda-mano/carretilla-elevadora-segunda-mano/carretillas-elevadoras-glp-segunda-mano/gam-5115-793
794	https://equipzilla.com/compra/maquinaria/ocasion/manipulacion-elevacion-cargas-segunda-mano/carretilla-elevadora-segunda-mano/carretillas-elevadoras-glp-segunda-mano/gam-5227-794
795	https://equipzilla.com/compra/maquinaria/ocasion/manipulacion-elevacion-cargas-segunda-mano/carretilla-elevadora-segunda-mano/carretillas-elevadoras-glp-segunda-mano/gam-5743-795
796	https://equipzilla.com/compra/maquinaria/ocasion/manipulacion-elevacion-cargas-segunda-mano/carretilla-elevadora-segunda-mano/carretillas-elevadoras-glp-segunda-mano/gam-5106-796
797	https://equipzilla.com/compra/maquinaria/ocasion/manipulacion-elevacion-cargas-segunda-mano/carretilla-elevadora-segunda-mano/carretillas-elevadoras-glp-segunda-mano/gam-4902-797
798	https://equipzilla.com/compra/maquinaria/ocasion/manipulacion-elevacion-cargas-segunda-mano/carretilla-elevadora-segunda-mano/carretillas-elevadoras-glp-segunda-mano/gam-4711-798
799	https://equipzilla.com/compra/maquinaria/ocasion/manipulacion-elevacion-cargas-segunda-mano/carretilla-elevadora-segunda-mano/carretillas-elevadoras-glp-segunda-mano/gam-5045-799
800	https://equipzilla.com/compra/maquinaria/ocasion/manipulacion-elevacion-cargas-segunda-mano/carretilla-elevadora-segunda-mano/carretillas-elevadoras-glp-segunda-mano/gam-5047-800
801	https://equipzilla.com/compra/maquinaria/ocasion/manipulacion-elevacion-cargas-segunda-mano/carretilla-elevadora-segunda-mano/carretillas-elevadoras-glp-segunda-mano/gam-5050-801
802	https://equipzilla.com/compra/maquinaria/ocasion/manipulacion-elevacion-cargas-segunda-mano/carretilla-elevadora-segunda-mano/carretillas-elevadoras-glp-segunda-mano/gam-5051-802
803	https://equipzilla.com/compra/maquinaria/ocasion/manipulacion-elevacion-cargas-segunda-mano/carretilla-elevadora-segunda-mano/carretillas-elevadoras-glp-segunda-mano/gam-5110-803
804	https://equipzilla.com/compra/maquinaria/ocasion/manipulacion-elevacion-cargas-segunda-mano/carretilla-elevadora-segunda-mano/carretillas-elevadoras-glp-segunda-mano/gam-5059-804
805	https://equipzilla.com/compra/maquinaria/ocasion/manipulacion-elevacion-cargas-segunda-mano/carretilla-elevadora-segunda-mano/carretillas-elevadoras-glp-segunda-mano/gam-4689-805
806	https://equipzilla.com/compra/maquinaria/ocasion/manipulacion-elevacion-cargas-segunda-mano/carretilla-elevadora-segunda-mano/carretillas-elevadoras-glp-segunda-mano/gam-4684-806
807	https://equipzilla.com/compra/maquinaria/ocasion/manipulacion-elevacion-cargas-segunda-mano/carretilla-elevadora-segunda-mano/carretillas-elevadoras-glp-segunda-mano/gam-5280-807
808	https://equipzilla.com/compra/maquinaria/ocasion/manipulacion-elevacion-cargas-segunda-mano/carretilla-elevadora-segunda-mano/carretillas-elevadoras-glp-segunda-mano/gam-5224-808
809	https://equipzilla.com/compra/maquinaria/ocasion/manipulacion-elevacion-cargas-segunda-mano/carretilla-elevadora-segunda-mano/carretillas-elevadoras-glp-segunda-mano/gam-4702-809
810	https://equipzilla.com/compra/maquinaria/ocasion/manipulacion-elevacion-cargas-segunda-mano/carretilla-elevadora-segunda-mano/carretillas-elevadoras-glp-segunda-mano/gam-5064-810
811	https://equipzilla.com/compra/maquinaria/ocasion/manipulacion-elevacion-cargas-segunda-mano/carretilla-elevadora-segunda-mano/carretillas-elevadoras-glp-segunda-mano/gam-6080-811
812	https://equipzilla.com/compra/maquinaria/ocasion/manipulacion-elevacion-cargas-segunda-mano/carretilla-elevadora-segunda-mano/carretillas-elevadoras-glp-segunda-mano/gam-5118-812
813	https://equipzilla.com/compra/maquinaria/ocasion/manipulacion-elevacion-cargas-segunda-mano/carretilla-elevadora-segunda-mano/carretillas-elevadoras-glp-segunda-mano/gam-4703-813
814	https://equipzilla.com/compra/maquinaria/ocasion/manipulacion-elevacion-cargas-segunda-mano/carretilla-elevadora-segunda-mano/carretillas-elevadoras-glp-segunda-mano/gam-5112-814
815	https://equipzilla.com/compra/maquinaria/ocasion/manipulacion-elevacion-cargas-segunda-mano/carretilla-elevadora-segunda-mano/carretillas-elevadoras-glp-segunda-mano/gam-5117-815
816	https://equipzilla.com/compra/maquinaria/ocasion/manipulacion-elevacion-cargas-segunda-mano/carretilla-elevadora-segunda-mano/carretillas-elevadoras-glp-segunda-mano/gam-5213-816
817	https://equipzilla.com/compra/maquinaria/ocasion/manipulacion-elevacion-cargas-segunda-mano/carretilla-elevadora-segunda-mano/carretillas-elevadoras-glp-segunda-mano/gam-5275-817
818	https://equipzilla.com/compra/maquinaria/ocasion/manipulacion-elevacion-cargas-segunda-mano/carretilla-elevadora-segunda-mano/carretillas-elevadoras-glp-segunda-mano/gam-2889-818
819	https://equipzilla.com/compra/maquinaria/ocasion/manipulacion-elevacion-cargas-segunda-mano/carretilla-elevadora-segunda-mano/carretillas-elevadoras-glp-segunda-mano/gam-4868-819
820	https://equipzilla.com/compra/maquinaria/ocasion/manipulacion-elevacion-cargas-segunda-mano/carretilla-elevadora-segunda-mano/carretillas-elevadoras-glp-segunda-mano/gam-5258-820
821	https://equipzilla.com/compra/maquinaria/ocasion/manipulacion-elevacion-cargas-segunda-mano/carretilla-elevadora-segunda-mano/carretillas-elevadoras-glp-segunda-mano/gam-5062-821
822	https://equipzilla.com/compra/maquinaria/ocasion/manipulacion-elevacion-cargas-segunda-mano/carretilla-elevadora-segunda-mano/carretillas-elevadoras-glp-segunda-mano/gam-5057-822
823	https://equipzilla.com/compra/maquinaria/ocasion/manipulacion-elevacion-cargas-segunda-mano/carretilla-elevadora-segunda-mano/carretillas-elevadoras-glp-segunda-mano/gam-4857-823
824	https://equipzilla.com/compra/maquinaria/ocasion/manipulacion-elevacion-cargas-segunda-mano/carretilla-elevadora-segunda-mano/carretillas-elevadoras-glp-segunda-mano/gam-5714-824
825	https://equipzilla.com/compra/maquinaria/ocasion/manipulacion-elevacion-cargas-segunda-mano/carretilla-elevadora-segunda-mano/carretillas-elevadoras-glp-segunda-mano/gam-2773-825
826	https://equipzilla.com/compra/maquinaria/ocasion/manipulacion-elevacion-cargas-segunda-mano/carretilla-elevadora-segunda-mano/carretillas-elevadoras-electricas-segunda-mano/gam-5879-826
827	https://equipzilla.com/compra/maquinaria/ocasion/manipulacion-elevacion-cargas-segunda-mano/carretilla-elevadora-segunda-mano/carretillas-elevadoras-electricas-segunda-mano/gam-5884-827
828	https://equipzilla.com/compra/maquinaria/ocasion/manipulacion-elevacion-cargas-segunda-mano/carretilla-elevadora-segunda-mano/carretillas-elevadoras-electricas-segunda-mano/gam-5173-828
829	https://equipzilla.com/compra/maquinaria/ocasion/manipulacion-elevacion-cargas-segunda-mano/carretilla-elevadora-segunda-mano/carretillas-elevadoras-electricas-segunda-mano/gam-5210-829
830	https://equipzilla.com/compra/maquinaria/ocasion/manipulacion-elevacion-cargas-segunda-mano/carretilla-elevadora-segunda-mano/carretillas-elevadoras-electricas-segunda-mano/gam-6026-830
831	https://equipzilla.com/compra/maquinaria/ocasion/manipulacion-elevacion-cargas-segunda-mano/carretilla-elevadora-segunda-mano/carretillas-elevadoras-electricas-segunda-mano/gam-6060-831
832	https://equipzilla.com/compra/maquinaria/ocasion/manipulacion-elevacion-cargas-segunda-mano/carretilla-elevadora-segunda-mano/carretillas-elevadoras-electricas-segunda-mano/gam-6101-832
833	https://equipzilla.com/compra/maquinaria/ocasion/manipulacion-elevacion-cargas-segunda-mano/carretilla-elevadora-segunda-mano/carretillas-elevadoras-electricas-segunda-mano/gam-5788-833
834	https://equipzilla.com/compra/maquinaria/ocasion/manipulacion-elevacion-cargas-segunda-mano/carretilla-elevadora-segunda-mano/carretillas-elevadoras-electricas-segunda-mano/gam-5880-834
835	https://equipzilla.com/compra/maquinaria/ocasion/manipulacion-elevacion-cargas-segunda-mano/carretilla-elevadora-segunda-mano/carretillas-elevadoras-electricas-segunda-mano/gam-5171-835
836	https://equipzilla.com/compra/maquinaria/ocasion/manipulacion-elevacion-cargas-segunda-mano/carretilla-elevadora-segunda-mano/carretillas-elevadoras-electricas-segunda-mano/gam-5862-836
837	https://equipzilla.com/compra/maquinaria/ocasion/manipulacion-elevacion-cargas-segunda-mano/carretilla-elevadora-segunda-mano/carretillas-elevadoras-electricas-segunda-mano/gam-5910-837
838	https://equipzilla.com/compra/maquinaria/ocasion/manipulacion-elevacion-cargas-segunda-mano/carretilla-elevadora-segunda-mano/carretillas-elevadoras-electricas-segunda-mano/gam-5789-838
839	https://equipzilla.com/compra/maquinaria/ocasion/manipulacion-elevacion-cargas-segunda-mano/carretilla-elevadora-segunda-mano/carretillas-elevadoras-electricas-segunda-mano/gam-4326-839
840	https://equipzilla.com/compra/maquinaria/ocasion/manipulacion-elevacion-cargas-segunda-mano/carretilla-elevadora-segunda-mano/carretillas-elevadoras-electricas-segunda-mano/gam-6146-840
841	https://equipzilla.com/compra/maquinaria/ocasion/manipulacion-elevacion-cargas-segunda-mano/carretilla-elevadora-segunda-mano/carretillas-elevadoras-electricas-segunda-mano/gam-5754-841
842	https://equipzilla.com/compra/maquinaria/ocasion/manipulacion-elevacion-cargas-segunda-mano/carretilla-elevadora-segunda-mano/carretillas-elevadoras-electricas-segunda-mano/gam-4414-842
843	https://equipzilla.com/compra/maquinaria/ocasion/manipulacion-elevacion-cargas-segunda-mano/carretilla-elevadora-segunda-mano/carretillas-elevadoras-electricas-segunda-mano/gam-4887-843
844	https://equipzilla.com/compra/maquinaria/ocasion/manipulacion-elevacion-cargas-segunda-mano/carretilla-elevadora-segunda-mano/carretillas-elevadoras-electricas-segunda-mano/gam-5896-844
845	https://equipzilla.com/compra/maquinaria/ocasion/manipulacion-elevacion-cargas-segunda-mano/carretilla-elevadora-segunda-mano/carretillas-elevadoras-electricas-segunda-mano/gam-5802-845
846	https://equipzilla.com/compra/maquinaria/ocasion/manipulacion-elevacion-cargas-segunda-mano/carretilla-elevadora-segunda-mano/carretillas-elevadoras-electricas-segunda-mano/gam-4508-846
847	https://equipzilla.com/compra/maquinaria/ocasion/manipulacion-elevacion-cargas-segunda-mano/carretilla-elevadora-segunda-mano/carretillas-elevadoras-electricas-segunda-mano/gam-4597-847
848	https://equipzilla.com/compra/maquinaria/ocasion/manipulacion-elevacion-cargas-segunda-mano/carretilla-elevadora-segunda-mano/carretillas-elevadoras-electricas-segunda-mano/gam-5705-848
849	https://equipzilla.com/compra/maquinaria/ocasion/manipulacion-elevacion-cargas-segunda-mano/carretilla-elevadora-segunda-mano/carretillas-elevadoras-electricas-segunda-mano/gam-5265-849
850	https://equipzilla.com/compra/maquinaria/ocasion/manipulacion-elevacion-cargas-segunda-mano/carretilla-elevadora-segunda-mano/carretillas-elevadoras-electricas-segunda-mano/gam-4537-850
851	https://equipzilla.com/compra/maquinaria/ocasion/manipulacion-elevacion-cargas-segunda-mano/carretilla-elevadora-segunda-mano/carretillas-elevadoras-electricas-segunda-mano/gam-4448-851
852	https://equipzilla.com/compra/maquinaria/ocasion/manipulacion-elevacion-cargas-segunda-mano/carretilla-elevadora-segunda-mano/carretillas-elevadoras-electricas-segunda-mano/gam-4918-852
853	https://equipzilla.com/compra/maquinaria/ocasion/manipulacion-elevacion-cargas-segunda-mano/carretilla-elevadora-segunda-mano/carretillas-elevadoras-electricas-segunda-mano/gam-6117-853
854	https://equipzilla.com/compra/maquinaria/ocasion/manipulacion-elevacion-cargas-segunda-mano/carretilla-elevadora-segunda-mano/carretillas-elevadoras-electricas-segunda-mano/gam-4509-854
855	https://equipzilla.com/compra/maquinaria/ocasion/manipulacion-elevacion-cargas-segunda-mano/carretilla-elevadora-segunda-mano/carretillas-elevadoras-retractiles-segunda-mano/gam-5718-855
856	https://equipzilla.com/compra/maquinaria/ocasion/manipulacion-elevacion-cargas-segunda-mano/carretilla-elevadora-segunda-mano/carretillas-elevadoras-retractiles-segunda-mano/gam-4912-856
857	https://equipzilla.com/compra/maquinaria/ocasion/manipulacion-elevacion-cargas-segunda-mano/carretilla-elevadora-segunda-mano/carretillas-elevadoras-retractiles-segunda-mano/gam-5233-857
858	https://equipzilla.com/compra/maquinaria/ocasion/manipulacion-elevacion-cargas-segunda-mano/carretilla-elevadora-segunda-mano/carretillas-elevadoras-retractiles-segunda-mano/gam-5874-858
859	https://equipzilla.com/compra/maquinaria/ocasion/manipulacion-elevacion-cargas-segunda-mano/carretilla-elevadora-segunda-mano/carretillas-elevadoras-retractiles-segunda-mano/gam-6099-859
860	https://equipzilla.com/compra/maquinaria/ocasion/manipulacion-elevacion-cargas-segunda-mano/carretilla-elevadora-segunda-mano/carretillas-elevadoras-retractiles-segunda-mano/gam-6031-860
861	https://equipzilla.com/compra/maquinaria/ocasion/manipulacion-elevacion-cargas-segunda-mano/carretilla-elevadora-segunda-mano/carretillas-elevadoras-retractiles-segunda-mano/gam-5814-861
862	https://equipzilla.com/compra/maquinaria/ocasion/manipulacion-elevacion-cargas-segunda-mano/carretilla-elevadora-segunda-mano/carretillas-elevadoras-retractiles-segunda-mano/gam-6023-862
863	https://equipzilla.com/compra/maquinaria/ocasion/manipulacion-elevacion-cargas-segunda-mano/carretilla-elevadora-segunda-mano/carretillas-elevadoras-diesel-segunda-mano/gam-4930-863
864	https://equipzilla.com/compra/maquinaria/ocasion/manipulacion-elevacion-cargas-segunda-mano/carretilla-elevadora-segunda-mano/carretillas-elevadoras-diesel-segunda-mano/gam-6024-864
865	https://equipzilla.com/compra/maquinaria/ocasion/manipulacion-elevacion-cargas-segunda-mano/carretilla-elevadora-segunda-mano/carretillas-elevadoras-diesel-segunda-mano/gam-4825-865
866	https://equipzilla.com/compra/maquinaria/ocasion/manipulacion-elevacion-cargas-segunda-mano/carretilla-elevadora-segunda-mano/carretillas-elevadoras-diesel-segunda-mano/gam-5938-866
867	https://equipzilla.com/compra/maquinaria/ocasion/manipulacion-elevacion-cargas-segunda-mano/carretilla-elevadora-segunda-mano/carretillas-elevadoras-diesel-segunda-mano/gam-5825-867
868	https://equipzilla.com/compra/maquinaria/ocasion/manipulacion-elevacion-cargas-segunda-mano/carretilla-elevadora-segunda-mano/carretillas-elevadoras-diesel-segunda-mano/gam-5075-868
869	https://equipzilla.com/compra/maquinaria/ocasion/manipulacion-elevacion-cargas-segunda-mano/carretilla-elevadora-segunda-mano/carretillas-elevadoras-diesel-segunda-mano/gam-4862-869
870	https://equipzilla.com/compra/maquinaria/ocasion/manipulacion-elevacion-cargas-segunda-mano/carretilla-elevadora-segunda-mano/carretillas-elevadoras-diesel-segunda-mano/gam-6085-870
871	https://equipzilla.com/compra/maquinaria/ocasion/manipulacion-elevacion-cargas-segunda-mano/carretilla-elevadora-segunda-mano/carretillas-elevadoras-diesel-segunda-mano/gam-4955-871
872	https://equipzilla.com/compra/maquinaria/ocasion/manipulacion-elevacion-cargas-segunda-mano/carretilla-elevadora-segunda-mano/carretillas-elevadoras-diesel-segunda-mano/gam-4953-872
873	https://equipzilla.com/compra/maquinaria/ocasion/manipulacion-elevacion-cargas-segunda-mano/carretilla-elevadora-segunda-mano/carretillas-elevadoras-diesel-segunda-mano/gam-5894-873
874	https://equipzilla.com/compra/maquinaria/ocasion/manipulacion-elevacion-cargas-segunda-mano/transpaleta-segunda-mano/transpaletas-electricas-segunda-mano/gam-5094-874
875	https://equipzilla.com/compra/maquinaria/ocasion/manipulacion-elevacion-cargas-segunda-mano/transpaleta-segunda-mano/transpaletas-electricas-segunda-mano/gam-6033-875
876	https://equipzilla.com/compra/maquinaria/ocasion/manipulacion-elevacion-cargas-segunda-mano/transpaleta-segunda-mano/transpaletas-electricas-segunda-mano/gam-6030-876
877	https://equipzilla.com/compra/maquinaria/ocasion/manipulacion-elevacion-cargas-segunda-mano/transpaleta-segunda-mano/transpaletas-electricas-segunda-mano/gam-5863-877
878	https://equipzilla.com/compra/maquinaria/ocasion/manipulacion-elevacion-cargas-segunda-mano/transpaleta-segunda-mano/transpaletas-electricas-segunda-mano/gam-5733-878
879	https://equipzilla.com/compra/maquinaria/ocasion/manipulacion-elevacion-cargas-segunda-mano/transpaleta-segunda-mano/transpaletas-electricas-segunda-mano/gam-5739-879
880	https://equipzilla.com/compra/maquinaria/ocasion/manipulacion-elevacion-cargas-segunda-mano/transpaleta-segunda-mano/transpaletas-electricas-segunda-mano/gam-5811-880
881	https://equipzilla.com/compra/maquinaria/ocasion/manipulacion-elevacion-cargas-segunda-mano/transpaleta-segunda-mano/transpaletas-electricas-segunda-mano/gam-6119-881
882	https://equipzilla.com/compra/maquinaria/ocasion/manipulacion-elevacion-cargas-segunda-mano/transpaleta-segunda-mano/transpaletas-electricas-segunda-mano/gam-6120-882
883	https://equipzilla.com/compra/maquinaria/ocasion/manipulacion-elevacion-cargas-segunda-mano/transpaleta-segunda-mano/transpaletas-electricas-segunda-mano/gam-5895-883
884	https://equipzilla.com/compra/maquinaria/ocasion/manipulacion-elevacion-cargas-segunda-mano/transpaleta-segunda-mano/transpaletas-electricas-segunda-mano/gam-5854-884
885	https://equipzilla.com/compra/maquinaria/ocasion/manipulacion-elevacion-cargas-segunda-mano/transpaleta-segunda-mano/transpaletas-electricas-segunda-mano/gam-5827-885
886	https://equipzilla.com/compra/maquinaria/ocasion/manipulacion-elevacion-cargas-segunda-mano/transpaleta-segunda-mano/transpaletas-electricas-segunda-mano/gam-5818-886
887	https://equipzilla.com/compra/maquinaria/ocasion/manipulacion-elevacion-cargas-segunda-mano/transpaleta-segunda-mano/transpaletas-electricas-segunda-mano/gam-4931-887
888	https://equipzilla.com/compra/maquinaria/ocasion/manipulacion-elevacion-cargas-segunda-mano/transpaleta-segunda-mano/transpaletas-electricas-segunda-mano/gam-5792-888
889	https://equipzilla.com/compra/maquinaria/ocasion/manipulacion-elevacion-cargas-segunda-mano/transpaleta-segunda-mano/transpaletas-electricas-segunda-mano/gam-5869-889
890	https://equipzilla.com/compra/maquinaria/ocasion/manipulacion-elevacion-cargas-segunda-mano/transpaleta-segunda-mano/transpaletas-electricas-segunda-mano/gam-5248-890
891	https://equipzilla.com/compra/maquinaria/ocasion/manipulacion-elevacion-cargas-segunda-mano/transpaleta-segunda-mano/transpaletas-electricas-segunda-mano/gam-5256-891
892	https://equipzilla.com/compra/maquinaria/ocasion/manipulacion-elevacion-cargas-segunda-mano/transpaleta-segunda-mano/transpaletas-electricas-segunda-mano/gam-6028-892
893	https://equipzilla.com/compra/maquinaria/ocasion/manipulacion-elevacion-cargas-segunda-mano/transpaleta-segunda-mano/transpaletas-electricas-segunda-mano/gam-6032-893
894	https://equipzilla.com/compra/maquinaria/ocasion/manipulacion-elevacion-cargas-segunda-mano/transpaleta-segunda-mano/transpaletas-electricas-segunda-mano/gam-6029-894
895	https://equipzilla.com/compra/maquinaria/ocasion/manipulacion-elevacion-cargas-segunda-mano/transpaleta-segunda-mano/transpaletas-electricas-segunda-mano/gam-5244-895
896	https://equipzilla.com/compra/maquinaria/ocasion/manipulacion-elevacion-cargas-segunda-mano/transpaleta-segunda-mano/transpaletas-electricas-segunda-mano/gam-6124-896
897	https://equipzilla.com/compra/maquinaria/ocasion/manipulacion-elevacion-cargas-segunda-mano/transpaleta-segunda-mano/transpaletas-electricas-segunda-mano/gam-5239-897
898	https://equipzilla.com/compra/maquinaria/ocasion/manipulacion-elevacion-cargas-segunda-mano/transpaleta-segunda-mano/transpaletas-electricas-segunda-mano/gam-5719-898
899	https://equipzilla.com/compra/maquinaria/ocasion/manipulacion-elevacion-cargas-segunda-mano/transpaleta-segunda-mano/transpaletas-electricas-segunda-mano/gam-5175-899
900	https://equipzilla.com/compra/maquinaria/ocasion/manipulacion-elevacion-cargas-segunda-mano/transpaleta-segunda-mano/transpaletas-electricas-segunda-mano/gam-6027-900
901	https://equipzilla.com/compra/maquinaria/ocasion/manipulacion-elevacion-cargas-segunda-mano/transpaleta-segunda-mano/transpaletas-electricas-segunda-mano/gam-6125-901
902	https://equipzilla.com/compra/maquinaria/ocasion/manipulacion-elevacion-cargas-segunda-mano/transpaleta-segunda-mano/transpaletas-electricas-segunda-mano/gam-4834-902
903	https://equipzilla.com/compra/maquinaria/ocasion/manipulacion-elevacion-cargas-segunda-mano/transpaleta-segunda-mano/transpaletas-electricas-segunda-mano/gam-5043-903
904	https://equipzilla.com/compra/maquinaria/ocasion/manipulacion-elevacion-cargas-segunda-mano/transpaleta-segunda-mano/transpaletas-electricas-segunda-mano/gam-5042-904
905	https://equipzilla.com/compra/maquinaria/ocasion/manipulacion-elevacion-cargas-segunda-mano/transpaleta-segunda-mano/transpaletas-electricas-segunda-mano/gam-5778-905
906	https://equipzilla.com/compra/maquinaria/ocasion/manipulacion-elevacion-cargas-segunda-mano/transpaleta-segunda-mano/transpaletas-electricas-segunda-mano/gam-6122-906
907	https://equipzilla.com/compra/maquinaria/ocasion/manipulacion-elevacion-cargas-segunda-mano/transpaleta-segunda-mano/transpaletas-electricas-segunda-mano/gam-5962-907
908	https://equipzilla.com/compra/maquinaria/ocasion/manipulacion-elevacion-cargas-segunda-mano/transpaleta-segunda-mano/transpaletas-electricas-segunda-mano/gam-5848-908
909	https://equipzilla.com/compra/maquinaria/ocasion/manipulacion-elevacion-cargas-segunda-mano/transpaleta-segunda-mano/transpaletas-electricas-segunda-mano/gam-5260-909
910	https://equipzilla.com/compra/maquinaria/ocasion/manipulacion-elevacion-cargas-segunda-mano/transpaleta-segunda-mano/transpaletas-electricas-segunda-mano/gam-5243-910
911	https://equipzilla.com/compra/maquinaria/ocasion/manipulacion-elevacion-cargas-segunda-mano/transpaleta-segunda-mano/transpaletas-electricas-segunda-mano/gam-6103-911
912	https://equipzilla.com/compra/maquinaria/ocasion/manipulacion-elevacion-cargas-segunda-mano/transpaleta-segunda-mano/transpaletas-manuales-segunda-mano/gam-3123-912
913	https://equipzilla.com/compra/maquinaria/ocasion/manipulacion-elevacion-cargas-segunda-mano/transpaleta-segunda-mano/transpaletas-manuales-segunda-mano/gam-6123-913
914	https://equipzilla.com/compra/maquinaria/ocasion/manipulacion-elevacion-cargas-segunda-mano/transpaleta-segunda-mano/transpaletas-manuales-segunda-mano/gam-5228-914
915	https://equipzilla.com/compra/maquinaria/ocasion/manipulacion-elevacion-cargas-segunda-mano/transpaleta-segunda-mano/transpaletas-manuales-segunda-mano/gam-5174-915
916	https://equipzilla.com/compra/maquinaria/ocasion/manipulacion-elevacion-cargas-segunda-mano/apilador-segunda-mano/apiladores-electricos-segunda-mano/gam-6084-916
917	https://equipzilla.com/compra/maquinaria/ocasion/manipulacion-elevacion-cargas-segunda-mano/apilador-segunda-mano/apiladores-electricos-segunda-mano/gam-5864-917
918	https://equipzilla.com/compra/maquinaria/ocasion/manipulacion-elevacion-cargas-segunda-mano/apilador-segunda-mano/apiladores-electricos-segunda-mano/gam-4714-918
919	https://equipzilla.com/compra/maquinaria/ocasion/manipulacion-elevacion-cargas-segunda-mano/apilador-segunda-mano/apiladores-electricos-segunda-mano/gam-4544-919
920	https://equipzilla.com/compra/maquinaria/ocasion/manipulacion-elevacion-cargas-segunda-mano/apilador-segunda-mano/apiladores-electricos-segunda-mano/gam-5937-920
921	https://equipzilla.com/compra/maquinaria/ocasion/manipulacion-elevacion-cargas-segunda-mano/apilador-segunda-mano/apiladores-electricos-segunda-mano/gam-5809-921
922	https://equipzilla.com/compra/maquinaria/ocasion/manipulacion-elevacion-cargas-segunda-mano/apilador-segunda-mano/apiladores-manuales-segunda-mano/gam-4233-922
923	https://equipzilla.com/compra/maquinaria/ocasion/vehiculos-segunda-mano/vehiculos-electricos-carga-segunda-mano/tractores-electricos-segunda-mano/gam-5868-923
924	https://equipzilla.com/compra/maquinaria/ocasion/vehiculos-segunda-mano/vehiculos-electricos-carga-segunda-mano/tractores-electricos-segunda-mano/gam-4932-924
925	https://equipzilla.com/compra/maquinaria/ocasion/vehiculos-segunda-mano/vehiculos-electricos-carga-segunda-mano/tractores-electricos-segunda-mano/gam-4933-925
926	https://equipzilla.com/compra/maquinaria/ocasion/vehiculos-segunda-mano/vehiculos-electricos-carga-segunda-mano/tractores-electricos-segunda-mano/gam-4936-926
927	https://equipzilla.com/compra/maquinaria/ocasion/vehiculos-segunda-mano/vehiculos-electricos-carga-segunda-mano/tractores-electricos-segunda-mano/gam-4937-927
932	https://equipzilla.com/compra/maquinaria/ocasion/manipulacion-elevacion-cargas-segunda-mano/manipulador-teñescopico-segunda-mano/gam-6199-932
933	https://equipzilla.com/compra/maquinaria/ocasion/manipulacion-elevacion-cargas-segunda-mano/carretilla-elevadora-segunda-mano/carretillas-todoterreno-segunda-mano/gam-6203-933
934	https://equipzilla.com/compra/maquinaria/ocasion/manipulacion-elevacion-cargas-segunda-mano/carretilla-elevadora-segunda-mano/carretillas-todoterreno-segunda-mano/gam-6058-934
935	https://equipzilla.com/compra/maquinaria/ocasion/maquinaria-construccion-segunda-mano/miniexcavadoras-segunda-mano/gam-6070-935
936	https://equipzilla.com/compra/maquinaria/ocasion/maquinaria-construccion-segunda-mano/minicargadoras-segunda-mano/gam-4670-936
937	https://equipzilla.com/compra/maquinaria/ocasion/maquinaria-construccion-segunda-mano/rodillo-tandem-segunda-mano/gam-3820-937
938	https://equipzilla.com/compra/maquinaria/ocasion/maquinaria-construccion-segunda-mano/rodillo-tandem-segunda-mano/gam-3821-938
939	https://equipzilla.com/compra/maquinaria/ocasion/maquinaria-construccion-segunda-mano/rodillo-tandem-segunda-mano/gam-3553-939
940	https://equipzilla.com/compra/maquinaria/ocasion/maquinaria-construccion-segunda-mano/rodillo-tandem-segunda-mano/gam-3819-940
941	https://equipzilla.com/compra/maquinaria/ocasion/maquinaria-construccion-segunda-mano/rodillos-mixtos-segunda-mano/gam-3806-941
942	https://equipzilla.com/compra/maquinaria/ocasion/maquinaria-construccion-segunda-mano/rodillos-mixtos-segunda-mano/gam-3560-942
943	https://equipzilla.com/compra/maquinaria/ocasion/maquinaria-construccion-segunda-mano/rodillos-mixtos-segunda-mano/gam-3217-943
944	https://equipzilla.com/compra/maquinaria/ocasion/maquinaria-construccion-segunda-mano/rodillos-mixtos-segunda-mano/gam-3421-944
948	https://equipzilla.com/compra/maquinaria/ocasion/vehiculos-segunda-mano/gam-5254-948
949	https://equipzilla.com/compra/maquinaria/ocasion/vehiculos-segunda-mano/gam-4505-949
950	https://equipzilla.com/compra/maquinaria/ocasion/vehiculos-segunda-mano/gam-6217-950
951	https://equipzilla.com/compra/maquinaria/ocasion/vehiculos-segunda-mano/gam-5065-951
952	https://equipzilla.com/compra/maquinaria/ocasion/vehiculos-segunda-mano/gam-5067-952
953	https://equipzilla.com/compra/maquinaria/ocasion/vehiculos-segunda-mano/gam-5070-953
954	https://equipzilla.com/compra/maquinaria/ocasion/vehiculos-segunda-mano/gam-6198-954
955	https://equipzilla.com/compra/maquinaria/ocasion/maquinaria-construccion-segunda-mano/miniexcavadoras-segunda-mano/kb210-955
956	https://equipzilla.com/compra/maquinaria/ocasion/maquinaria-construccion-segunda-mano/miniexcavadoras-segunda-mano/kb298-956
957	https://equipzilla.com/compra/maquinaria/ocasion/maquinaria-construccion-segunda-mano/miniexcavadoras-segunda-mano/dx279pt-957
958	https://equipzilla.com/compra/maquinaria/ocasion/maquinaria-construccion-segunda-mano/miniexcavadoras-segunda-mano/kb187-958
959	https://equipzilla.com/compra/maquinaria/ocasion/maquinaria-construccion-segunda-mano/miniexcavadoras-segunda-mano/kb313-959
960	https://equipzilla.com/compra/maquinaria/ocasion/maquinaria-construccion-segunda-mano/miniexcavadoras-segunda-mano/kb284pt-960
961	https://equipzilla.com/compra/maquinaria/ocasion/maquinaria-construccion-segunda-mano/miniexcavadoras-segunda-mano/kb176-961
962	https://equipzilla.com/compra/maquinaria/ocasion/maquinaria-construccion-segunda-mano/miniexcavadoras-segunda-mano/kb121-962
963	https://equipzilla.com/compra/maquinaria/ocasion/maquinaria-construccion-segunda-mano/miniexcavadoras-segunda-mano/kb203oq-963
964	https://equipzilla.com/compra/maquinaria/ocasion/maquinaria-construccion-segunda-mano/miniexcavadoras-segunda-mano/kb212pt-964
965	https://equipzilla.com/compra/maquinaria/ocasion/maquinaria-construccion-segunda-mano/excavadoras-segunda-mano/dx1499oqpt-965
966	https://equipzilla.com/compra/maquinaria/ocasion/maquinaria-construccion-segunda-mano/excavadoras-segunda-mano/dx165oqbsg-966
967	https://equipzilla.com/compra/maquinaria/ocasion/maquinaria-construccion-segunda-mano/excavadoras-segunda-mano/dx2102oq-967
968	https://equipzilla.com/compra/maquinaria/ocasion/maquinaria-construccion-segunda-mano/excavadoras-segunda-mano/d22529oqt-968
969	https://equipzilla.com/compra/maquinaria/ocasion/maquinaria-construccion-segunda-mano/minicargadoras-segunda-mano/dl42010-969
