alquilador,web,emails,status
abocompri,www.grupoasturmasa.es,,status_503
acava maquinaria,www.acava.es,,no_emails_found
achiques y bombeo urlan,www.bombasurlan.com,,status_503
aconfis,www.aconfis.e,,http_error_ConnectError
aggreko,www.aggreko.es,,status_503
agralco2000,http://www.agralco2000.com/,,status_503
airmax,www.airmax.es,,status_503
alcamarcarretillas,www.alcamarcarretillas.com,,status_503
alcogrupo,www.alcogrupo.com,,status_503
alcoima,www.coimasl.com,info@coimasl.com,ok
alfealquiler,https://www.alfealquiler.es/,,status_503
alfeco,www.alfeco.es,alfeco@alfeco.es;concha@alfeco.es,ok
algeco,www.algeco.es,,no_emails_found
alkibiz,www.alkibiz.es,,no_emails_found
alkihaizea,www.alkihaizea.com,,status_503
alkimax,http://www.alkimax.net/,,status_503
alkisagra,http://www.alkisagra.com/,,status_503
alkisanji,https://alkisanji.com/,,status_503
alkitodo renta,www.alkitodo.com,,status_503
alkitool,www.alkitool.es/,,status_503
alkizabal,www.alkizabal.net,basauri2@alkizabal.net;basauri@alkizabal.net;zabal@alkizabal.net;bootstrap@5.3.8,ok
almacar,https://almacar.net/,,status_503
almacenesmartin,http://www.almacenesmartin.net/,,http_error_ReadTimeout
almafa,www.almafa.es,almafa@msn.com,ok
almaq,www.almaq.es,,no_emails_found
almesu,www.almesu.es,,status_503
alpesanelevate,www.alpesanelevate.com,,status_503
alpesur alquiler de maquinaria,www.alpesur.com,,no_emails_found
alqueriamas,http://www.alqueriamas.es/,info@alqueriamas.es,ok
alqui soria,www.alquisoria.com,,http_error_ConnectError
alquiansa,www.alquiansa.es,,no_emails_found
alquiaviles,www.alquiaviles.com,,status_503
alquifer ceao,www.alquiferceao.es,,no_emails_found
alquigal,www.alquigal.com,,status_503
alquilaplat,www.alquilaplat.com,,no_emails_found
alquileon,www.alquileon.com,,status_503
alquiler de herramientasn pedro,www.vikingo.es,,status_503
alquiler de maquinaria hermano garcia,www.hermanosgarciasl.com,,status_503
alquiler de maquinaria marco,www.maquinariamarco.com,,status_503
alquiler de maquinaria pedro m fernandez,www.alquimo.com,alquiler@alquimo.com,ok
alquiler instrumentos topograficos orsenor,www.orsenor.com,orsenor@orsenor.com;orsenor@orsenor.es,ok
alquiler maquinaria sedano,www.alquilerdemaquinariasedano.es,,status_503
alquiler villora,www.alquilervillora.net,,http_error_ReadTimeout
alquiler y transportes pedro trujillo,www.pedrotrujillo.com,,http_error_ConnectError
alquilerdegeneradores,http://www.alquilerdegeneradores.es/,,status_503
alquilerdemaquinaria,www.alquilerdemaquinaria.net,,status_503
alquilerdemaquinariacaceres,http://www.alquilerdemaquinariacaceres.es/,,status_503
alquileres alava,www.vialki.net,miranda@vialki.net;vialki@vialki.net;bootstrap@5.3.8,ok
alquileres alejandre,www.alquileresalejandre.com,,http_error_ConnectError
alquileres batista,www.alquileresbatista.com,grupo@alquileresbatista.com,ok
alquileres blanco,www.alquileresblanco.com,,status_404
alquileres castilla y leon,www.alcal.es,,status_503
alquileres chaco ,www.alquilereschaco.com,,status_503
alquileres de maquinarias mochila,www.alquilermochila.com,,status_503
alquileres deba ,www.alkideba.net,,status_503
alquileres delja,www.alquileresdelsaja.es,,status_503
alquileres elling,www.alquilereselling.com,,status_503
alquileres encofrados y maquinaria barcelona,www.aeymb.com,administracion@aeymb.com;info@aeymb.com,ok
alquileres f-3,www.comercialf3.com,,status_503
alquileres galindo ,www.galki.es,info@galki.es;bootstrap@5.3.8,ok
alquileres gorarte,www.gorarte.net,,status_503
alquileres lantes,www.alquilereslantes.com,,no_emails_found
alquileres lizundia,www.alquilereslizundia.com,,no_emails_found
alquileres luque,www.ferreluque.com,,status_503
alquileres mirobriga,www.alquileresmirobriga.com,,status_503
alquileres modulos y casetas,www.amyc.es,,status_503
alquileres seralven,www.seralven.es,,no_emails_found
alquileres y gruas penedes,www.gruaspenedes.com,,status_503
alquileres y servicios alkivent,www.alkivent.com,alkivent@alkivent.com;bootstrap@5.3.8,ok
alquileresciudadreal,https://alquileresciudadreal.com/,info@alquileresciudadreal.com,ok
alquileresmajo,https://alquileresmajo.com/,,status_503
alquilerespascual,www.alquilerespascual.com,,status_503
alquileresvega,www.alquileresvega.com,info@alquileresvega.com,ok
alquilermaquinas,www.alquilermaquinas.com/,,status_503
alquilerperola,http://www.alquilerperola.com/,,status_503
alquileryrenting,http://www.alquileryrenting.com/,,status_503
alquimaq,www.alquimaq.es,comercial@alquimaq.es;comercial@alquimaq.bgoapps.es,ok
alquimontaxe,www.alquimontaxe.com,,status_503
alquinova maquinaria,www.alquinova.es,,status_500
alquior,www.alquior.com,,status_503
alquisagar,www.alquisagar.com,,status_503
alquisanabria,www.alquisanabria.com,,no_emails_found
alquiservicios juan,www.alquiserviciosjuan.es,,status_503
alquivaldes,www.alquivaldes.es,,no_emails_found
alquiven,https://www.plataformaselevadorasalquiven.com/,,status_503
alquixor,https://alquixor-alquiler-de-maquinaria.negocio.site/?utm_source=gmb&utm_medium=referral,,status_503
alro maquinaria,www.alromaquinaria.es,,status_503
alsercons 2000,www.alsercons.com,,status_500
alsetrans,www.alsetrans.es,,http_error_ConnectError
alsina,www.alsina.es,,status_503
alsuma,http://www.alsuma.es/,,no_emails_found
altexsl,www.altexsl.es,,status_503
altor alquileres ,www.altor.ws,comercial@altor.ws;alquilersantander@altor.ws;altor@altor.ws;bootstrap@5.3.8,ok
altrasan,www.altrasan.com,,no_emails_found
alvemaco servicios,www.alvemaco.com,hello@liquid-themes.com;info@hub.com;info@liquid-themes.com,ok
alvemasa,www.alvemasa.com,,status_503
alyservi balears menorca,www.alyservi.es,info@alyservi.es,ok
amaq elevacion,www.amaq.es,benavente@amaq.es;burgos@amaq.es;salamanca@amaq.es;toro@amaq.es;valladolid@amaq.es;zamora@amaq.es,ok
andaluza de maquinarias y repuestos,www.andaluzademaquinaria.com,administracion@andaluzademaquinaria.com,ok
andamios alumetal,www.andamiosalumetal.es,info@andamiosalumetal.es;ibx@ibx.es,ok
andamios burgos,www.andamiosburgos.es,,status_503
andamios compluto,www.andamioscompluto.com,info@andamioscompluto.com,ok
andamios electricos 1990,www.andamioselectricos.com,,http_error_ConnectError
andamios inox,www.andamiosinox.com,,status_503
andamios izquierdo,www.andamiosizquierdo.com,,status_500
andamios jeba,www.andamiosjeba.es,,http_error_ConnectError
andamios vivas,www.peri.es,,status_503
andamioselectricos,http://www.andamioselectricos.com/,,http_error_ConnectError
andamiosland,www.andamiosland.es,administracion@landingenieria.es;john@doe.com,ok
andujarynavarro,www.andujarynavarro.com/,info@andujarynavarro.com;facturacion@andujarynavarro.com;gerencia@andujarynavarro.com;medioambiente@andujarynavarro.com;proveedores@andujarynavarro.com;recepcion@andujarynavarro.com;rrhh@andujarynavarro.com,ok
antisa excavaciones,www.antisaexcavaciones.com,,status_503
antoniofeito,www.antoniofeito.es,,status_503
aragon alquiler de maquinaria,www.aragonmaquinaria.com,,no_emails_found
aravi,www.covertiaenvolventes.com,,status_503
arcon contenedores,www.arconcontenedoressl.com,,no_emails_found
armas y vallina,www.arvall.es,,http_error_ConnectError
arrendamientos industrialesn joanet,www.arinsasl.es,,http_error_ConnectError
astecma,www.astecmasl.com,,http_error_ConnectError
ates,www.ates.es,info@ates.es;info@ates.cl,ok
aujub,www.aujub.com,,status_503
autogruas elgasa,www.gruaselgasa.com,,status_503
auxiliar de gruas y transportes,www.agrutrans.com,,status_404
axor-rentals,www.axor-rentals.com,,status_503
ayala segu,www.ayalasegu.com,,no_emails_found
ayubri,http://ayubri.com/,,status_503
barridos de op,www.barrop.es,,status_503
baygar,http://www.baygar.com/,agnebot@baygar.com;alquileresvigo@baygar.com;alquivilla2@baygar.com;baygar@baygar.com;orense@baygar.com;vigo@baygar.com;info@visualpublinet.com,ok
bexbe serveis,www.bexbe.com,bexbe@bexbe.com,ok
biorsi,www.biorsi.es,,status_503
bizkan andamios,www.bizkan.net,bizkan@bizkan.net,ok
blape,www.blape.com,,status_503
boadella,www.boadella.com,info@boadella.com,ok
boma rent,www.bomarent.com,info@bomarent.com,ok
bombeos antonio ramirez,www.bombeosramirez.com,,status_503
bombeos barcelona,www.pumpingteam.com,comercial-europa@pumpingteam.com;rrhh-europa@pumpingteam.com,ok
bostran 21,www.climo.es,,status_404
boxi,www.boxi.es,,status_503
caba elevacion,www.cabaelevacion.com,,no_emails_found
cabisuar,www.cabisuar.es,,no_emails_found
cabocasse,www.cabocasse.com,,status_503
cadiz y cuesta,www.cadizycuesta.es,,http_error_ConnectError
camba21,www.camba21.com,info@camba21.com;jose.lopez@camba21.com;sebastian.ferrandis@camba21.com,ok
canalsa de maquinaria,www.canalsa.net,,status_503
caravanalugo,http://www.caravanalugo.es/,,status_503
casumair,www.casumair.com,,status_503
caterpillar financial renting,www.catrentalstore.com/,,status_503
catunic,www.catunic.com,,status_403
cayba,www.cayba.com,cayba@cayba.com,ok
cealmaq,www.cealmaq.com,,status_503
cementos carral,www.hormigonescarral.com,info@hormigonescarral.com;core-js-bundle@3.2.1;focus-within-polyfill@5.0.9;intl-segmenter@11.7.10;lodash@4.17.21;react-dom@18.3.1;react@18.3.1;rspack@1.6.6,ok
cerezo,www.cerezo.net,,status_503
cerrajeria la asomadita,gruposobradillo.es,,http_error_ConnectError
choosemak,www.choosemak.es,,status_503
city crane ,www.gruascitycrane.es,,http_error_ConnectError
coalci,www.coalci.es,girona@coalci.es;laroca@coalci.es;madrid@coalci.es;olot@coalci.es,ok
cofersa 2000,www.cofersa2000.com,alquiler@cofersa2000.com;excoventa@cofersa2000.com,ok
comercial bibiano servicios especiales de montajes,www.comercialbibiano.es,,status_403
comercial peña servicios,www.grupema.com,,status_503
comercialcustodio,http://comercialcustodio.es/,custodio@comercialcustodio.es,ok
comermaq tarraco,www.comermaq.com,,http_error_ReadTimeout
comimaq,www.comimaq.com,info@comimaq.com,ok
compañia reusense de montajes especiales,www.cormesa.es,,status_503
compresores lorenzo,www.compresoreslorenzo.com,,no_emails_found
comsa machinery & equipment,www.comsa.com,,status_503
construcciones redondo leyva,www.redondoleyva.es,,status_503
containersbermudez,www.containersbermudez.com,bermudez@containersbermudez.com,ok
conteior,https://www.conteior.com/,,status_503
contenedores aguilas,www.contenedoresaguilas.com,,status_503
contenedores alhambra,www.contenedoresalhambra.com,,status_503
contenedores martinez,http://www.contenedoresmartinez.com/,,no_emails_found
contenedores molina,www.contenedoresmolina.com,,no_emails_found
contenedores murcianos,www.contemur.com,,status_503
contex medio ambiente,www.contexmedioambiente.es,,no_emails_found
coprent,www.coprent.es,,status_503
corporacion alquileres y ventas de canarias,www.coralvenca.com,,status_404
costa del maresme rent,www.costarent.es,,status_503
cruzaraba,www.cruzaraba.es,,status_503
darsa elevacion,www.darsaelevacion.com,jose@darsaelevacion.com;core-js-bundle@3.2.1;focus-within-polyfill@5.0.9;intl-segmenter@11.7.10;lodash@4.17.21;react-dom@18.3.1;react@18.3.1;rspack@1.6.6,ok
davelco,www.grupoavance.es,,status_503
de dompablo cortes excavaciones,www.dompablo.com,,status_503
diaz miquelez,www.diaz-miquelez.com,,status_503
divenal,www.divenal.com,,http_error_ConnectError
domarco,https://domarco.com/,,no_emails_found
don-alquiler,http://www.don-alquiler.com/,,no_emails_found
duranalquileres,http://www.duranalquileres.com/,,http_error_ConnectError
durban,http://www.durban.es/,,no_emails_found
durban alquiler,www.durban.es,,no_emails_found
ecoeleva,https://ecoeleva.com/,,status_503
edmi,http://www.edmi.es/,info@edmi.es,ok
edo maquinaria para la construccion,www.edomaquinaria.cat,,status_503
edytel,http://www.edytel.es/,,status_503
electricidad calvo,www.alquilerescalvo.com,admon@alquilerescalvo.com;huesca@alquilerescalvo.com;jaca@alquilerescalvo.com;viella@alquilerescalvo.com,ok
electrogrup,www.electrogrup.net,,status_503
elevaciones jopecar,www.elevacionesjopecar.com,,status_503
elevacionesalbacete,http://www.elevacionesalbacete.com/,elevacionesalbacete@hotmail.com,ok
elevacionesarchipielago,www.elevacionesarchipielago.com,,status_503
elevacionesrama,www.elevacionesrama.com,,status_503
eleving expres,www.eleving.com,info@eleving.com,ok
eltrac,http://www.eltrac.es/,,http_error_ConnectError
emasazamora,http://www.emasazamora.es/,,status_503
eme-sl,www.eme-sl.com,,status_403
emilio veintimilla,www.veintimilla.com,,status_503
encofrados inde-k,www.inde-k.com,,status_503
energyst,www.energyst.com,,http_error_ConnectError
enkarki,http://www.enkarki.net/,,status_503
enkarki,http://www.enkarki.net/,,status_503
ese-o-ese maquinaria,www.sosmaquinaria.com,frodriguez@sosmaquinaria.com,ok
esla ballonti excavaciones y obras ,www.eslaballonti.com,,status_503
espagruas,www.espagruas.es,,status_503
espinamaquinaria,www.espinamaquinaria.com,,status_503
etxekit,www.etxekit.com,,status_503
eureca,www.eureca.es,,status_503
euro elevaciones ,www.euroelevaciones.com,,status_503
euro italica carretillas,www.eurocarretillas.es,eurocarretillas@eurocarretillas.es,ok
euro plataformas 2000,www.europlataformas.es,,status_503
euroalvi,www.euroalvi.com,cjimenez@euroalvi.com,ok
euroencofra alquiler,www.euroencofra.com,info@euroencofra.com;info@vendemail.com,ok
eurogruas,www.eurogruas.com,,status_503
eurogruas parra,www.eurogruasparra.com,,status_503
europa-prefabri,www.europa-prefabri.com,,status_503
evaristo doval,www.evaristodoval.com,evaristodoval@evaristodoval.com,ok
excamadi,www.excamadi.com,,status_503
excavaciones cambil,www.cambil.com,,status_503
excavaciones diego garcia romero,www.excavacionesdiegogarciaromero.com,,http_error_ConnectError
excavaciones j fronton,www.excavacionesjfrontonsl.com,excavacionesj.fronton@gmail.com,ok
excavaciones josman,www.excavacionesjosman.com,,http_error_ConnectError
excavaciones pedro de paz,www.excavacionespedrodepaz.com,,status_503
excavaciones raybel,www.raybel.es,,status_503
exclusivas de maquinaria y equipos,www.emerent.es,,status_503
fco fuste,www.fcofuste.com,,status_503
femacon alquileres,www.femacon.net,,no_emails_found
fernandosaceda,www.fernandosaceda.com,,status_503
ferreteria acentejo,www.ferreteriaacentejotenerife.com,,status_503
ferrimas2,www.ferrimas2.com,,status_503
fervallslloguers,http://fervallslloguers.com/,,status_503
ffl sureste,www.fflsureste.es,,status_503
fincasl,http://www.fincasl.com/,,status_503
florti ve alquileres,www.flortivealquileres.es,,status_503
flume,www.flume.es/,,status_503
francisconunez,www.francisconunez.es,,status_503
fresercat,www.fresercat.com,,no_emails_found
fuentes e hijos,www.fuentesehijos.es,,status_503
gabace,www.gabace.es,bootstrap@5.2.3,ok
gahisa,http://www.gahisa.es/,,status_503
galania ,www.galania.com,galania@galania.com,ok
galindo alquiler de maquinaria,www.galindomaquinaria.es,,status_503
gamrentals,www.gamrentals.com,,status_503
garciariol,http://garciariol.com/,,http_error_ConnectError
gebomsa,www.gebomsa.com,,status_503
geco rent,www.gecorent.com,,status_503
gesmagal,http://www.gesmagal.com/,,status_503
gesmak,http://www.gesmak.es/,,status_503
geycar sureste,www.geycarsureste.com,,status_503
globalrentalasturias,http://www.globalrentalasturias.com/,,http_error_ConnectError
gorentalstore,www.gorentalstore.com,,status_503
gralsan valles,www.gralsan.es,,status_503
grualroda,www.grualroda.com,,status_503
grualsa,www.grualsa.com,,no_emails_found
gruas adolfo alvarez,www.gruasalvarez.com,,status_503
gruas alcoy,www.gruasalcoy.es,cradle74@hotmail.com,ok
gruas alhambra ,www.gruasalhambra.com,,status_503
gruas barea,www.grupobarea.es,info@grupobarea.es,ok
gruas basurto,www.gruasbasurto.com,administracion@gruasbasurto.com;comercial@gruasbasurto.com;leaflet@1.9.4,ok
gruas bueno,www.gruasbueno.es,,no_emails_found
gruas burgos,www.gruasburgos.es,,status_503
gruas cambronero ,www.gruascambronero.com,,status_404
gruas campayo,www.talleresygruascampayo.es,,status_503
gruas carbonell,www.gruascarbonell.com,,no_emails_found
gruas castilla 2003,www.gruascastilla.com,,status_503
gruas castro,www.gruascastro.com,,no_emails_found
gruas catala,www.gruascatala.com,cradle74@hotmail.com,ok
gruas cyd,www.gruascyd.com,,status_503
gruas del norte y servicios auxiliaresl,www.grunorsa.es,,status_503
gruas doniz,www.gruasdoniz.es,,status_503
gruas duero,www.insagrupo.com,,status_503
gruas eder katillu,www.gruaskatillu.com,,no_emails_found
gruas everest,www.gruaseverest.com,,http_error_ConnectError
gruas fam,www.gruasfam.es,,status_503
gruas ferra,www.gruasferra.com,,no_emails_found
gruas gallarta,www.gruasgallarta.com,,status_503
gruas gil gil s l,www.gruasgilgil.es,info@gruasgilgil.es,ok
gruas gpk 2020,www.gruasgpk.es,,status_503
gruas industriales palencia,www.gruaspalencia.es,,status_503
gruas jj,www.gruasjj.es,,no_emails_found
gruas kozurl,www.gruaskozur.es,,http_error_ConnectError
gruas leman,www.gruasleman.com,,status_503
gruas losfablos ,www.gruaslosfablos.com,,status_503
gruas maestranza,www.gruasmaestranza.com,,status_503
gruas manzanedo,www.gruasmanzanedo.es,,status_503
gruas matilla,www.gruasmatilla.com,,status_503
gruas mediterraneo,www.dogilo.com,,status_503
gruas molero,www.gruasmolero.com,,status_503
gruas pacheco extremadura,www.gruaspacheco.es,,status_500
gruas palau,www.gruaspalau.com,,http_error_ConnectError
gruas perez coco,www.gruasperezcoco.es,,status_503
gruas pernia s l,www.gruaspernia.com,,status_503
gruas pm,www.gruaspmsl.com,,status_503
gruas romani,www.gruasromani.com,,status_503
gruas roxu ,www.gruasroxu.com,,status_503
gruas transportes y elevacion del norte,www.gruasnorte.com,,status_503
gruas valle e hijos,www.gruasvalle.com,,status_503
gruas villarrobledo,www.gruasvillarrobledo.es,info@gruasvillarrobledo.es,ok
gruas y maquinaria,www.gruymsa.net,gruasymaquinaria@gruymsa.com;protecciondedatos@gruymsa.com,ok
gruas y maquinaria petrel,www.gruasymaquinariapetrel.com,,status_503
gruas y montajes canarios,www.gruymo.com,info@gruymo.com,ok
gruas y montajes odra,www.gruas.montajesodra.com,,http_error_ConnectError
gruas y transportes curt sociedad cooperativa valenciana,www.gruascurt.es,,status_503
gruas y transportes deca,www.gruasdeca.com,,http_error_ConnectError
gruas y transportes royma,www.gruasroyma.com,,status_503
gruas y transportesnchez,www.gruassanchez.com,sanchez@gruassanchez.com,ok
gruasbellod,www.gruasbellod.com,,status_503
gruasbermejo,http://www.gruasbermejo.com/,,status_503
gruasbonet,www.gruasbonet.es,,status_503
gruascaceres,http://www.gruascaceres.com/,,http_error_ConnectError
gruascases,www.gruascases.com,,status_503
gruasdomingo,http://www.gruasdomingo.com/,,http_error_ConnectError
gruaseugenio,http://www.gruaseugenio.com/,,status_503
gruasguerrero,http://www.gruasguerrero.com/,,status_503
gruashuesca,http://administracion5834.wixsite.com/gruashuesca,administracion@gruashuesca.com;core-js-bundle@3.2.1;focus-within-polyfill@5.0.9;intl-segmenter@11.7.10;lodash@4.17.21;react-dom@18.3.1;react@18.3.1;rspack@1.6.6,ok
gruasmarquez,http://www.gruasmarquez.com/,,status_503
gruasrigar,www.gruasrigar.com,alicante@gruasrigar.com;benicarlo@gruasrigar.com;castellon@gruasrigar.com;sagunto@gruasrigar.com;tarragona@gruasrigar.com;valencia@gruasrigar.com,ok
gruasvallarin,http://www.gruasvallarin.es/,,status_404
gruasvidal,http://www.gruasvidal.com/,,no_emails_found
gruasycasetasgomez,http://www.gruasycasetasgomez.com/,,http_error_ConnectError
grues i contenedors prades,www.grupoprades.com,,status_503
grues ribera d ebre i,www.gruesribera.com,,no_emails_found
grues suarez i soler,www.grues-suarezisoler.com,,status_503
gruinsa,www.gruinsa.com,,status_503
grupo abse alquiler y servicios,www.grupoabse.es,,no_emails_found
grupoclem,www.grupoclem.es,,http_error_ConnectError
grupoesmepa,http://www.grupoesmepa.es/,,status_503
grupofersa,www.grupofersa.com,dst@grupofersa.com,ok
grupogv,http://www.grupogv.es/,,status_503
grupohoarce,http://www.grupohoarce.com/,,status_503
grupomamsa,www.grupomamsa.com,,status_503
grupooliva,www.grupooliva.com,,no_emails_found
gruporesa,http://www.gruporesa.com/,,status_503
grupos y compresores,www.gruposycompresores.es,,http_error_ReadTimeout
grupostin,www.grupostin.com,,status_503
grupovillatv,www.grupovillatv.com,,status_503
grupovirosque,www.grupovirosque.es,,no_emails_found
grutraconex,www.grutraconex.es,grutraconex@grutraconex.com,ok
guia contratas,www.amgalquiler.com,presupuestos@amgalquiler.com,ok
guillen martel hermanos,www.guillenmartel.com,,status_503
hermanos escribano,www.escribanosa.com,,status_503
hermanos ubeda goldsal,www.goldsal.es,info@goldsal.es,ok
hiperlim,http://www.hiperlim.com/,,no_emails_found
homs1852,www.homs1852.com,intl-tel-input@18.1.1,ok
horpend,www.horpend.com,,status_404
i g s rent ,www.grupoigs.com,,http_error_ConnectError
ibber forklifts,www.ibberforklifts.es,,http_error_ConnectError
ibermaq,www.ibermaq.com,comercial@ibermaq.com,ok
ibp-sl,www.ibp-sl.com,,status_503
ibser,www.ibser.es,,status_503
ilice maquinaria,www.ilice.es,,no_emails_found
imarsa maquinaria,www.imarsamaq.com,,status_503
inaupi,https://www.inaupi.com/,,no_emails_found
indecons,http://www.indecons.es/,,status_503
industrial agricola belzunces ,www.belzunces.es,,status_503
ingenieria de cimbras y encofrados iberica,www.incye.com,info@incye.com;antonio.vazquez@incye.com;barcelona@incye.com;bilbao@incye.com;centro@incye.com;galicia@incye.com;malaga@incye.com;marseille@incye.com;murcia@incye.com;paris@incye.com,ok
ingenieria de encofrados para obra civill,www.ingenieriadeencofrados.com,,status_503
international company of multiservices 2013,www.icom.com.es,,no_emails_found
inversiones beragui ,www.alquileresibarburu.es,,http_error_ConnectError
ischebeck,www.ischebeck.es,,status_503
isidoro molina,www.molinasl.es,info@molinasl.es,ok
ittgrupo,www.ittgrupo.com,,status_503
jesusriveiro,http://www.jesusriveiro.com/,,status_503
jfsbalearrent,http://www.jfsbalearrent.es/,,status_503
jofemesa,www.jofemesa.com,,status_503
jofer elevacion,www.plataformasjofer.es,,status_503
jomasa maquinaria,www.grupojomasa.es,,no_emails_found
jomatrac,http://www.jomatrac.es/,,http_error_ConnectError
jose gracia,www.jgmaquinaria.net,,status_503
josezarrias,www.josezarrias.com,,status_503
jramaquinaria,http://www.jramaquinaria.com/,,status_503
jrilo,www.jrilo.com,jrilo@jrilo.com;004ponferrada@recinor.compol;39recinor@recinor.comcrta;39rilomaquinaria@rilomaquinaria.comcrta;99prosema@prosema.esc;coruna@rilomaquinaria.com;ponferrada@recinor.com;prosema@prosema.es;recinor@recinor.com;rilomaquinaria@rilomaquinaria.com,ok
juan jose suarez gutierrez ,www.dosvias.com,,no_emails_found
kaufer dengra andamios,www.kaufer.es,,status_503
keytane,www.gruasgavi.com,,status_503
kiloutou,www.kiloutou.es,,status_503
kompe,www.kompe.es,,status_503
krillgeneradores,www.krillgeneradores.com,info@krillgeneradores.com,ok
lahita,www.lahita.es,,no_emails_found
layher,www.layher.es,,status_503
linden comansa renting,www.comansa.com,,status_503
linorosello,www.linorosello.com,,status_503
lloguers del ter,www.llogater.com,,http_error_ConnectError
lobcor,www.lobcor.com,,status_503
loizaga,www.loizaga.com,,status_503
lomaq herramienta ,www.lomaqherramienta.es,,no_emails_found
losada maquinaria,www.losadamaquinariaventas.es,sales@yourcompany.com,ok
loxamhune,www.hune.com,,http_error_ReadTimeout
luvalcas,http://www.luvalcas.es/,luvalcas@luvalcas.es,ok
m garcia barroso,www.mgarciabarroso.com,,status_503
macofer alquileres,www.macofer.es,,status_503
maconum,www.maconum.es,maconum@gmail.com,ok
macotran,www.macotran.com,,status_503
macservi,https://www.macservi.es/,,status_503
maindsur 2005,www.abadiz.es,info@abadiz.es,ok
makialquileres profesional,www.makialquileres.com,,status_503
makiko esirex ,www.esirec.es,esirec@esirec.es;esirec@hotmail.com,ok
makitrucks,www.makitrucks.com,comercial@mtks.es,ok
malcop,www.malcop.com,info@malcop.com,ok
maqlift,www.maqlift.com,,status_503
maquigestion andaelec de cadiz,www.maquigescadiz.com,info@maquigescadiz.com,ok
maquigruas,www.aisal.es,,status_503
maquinal,www.maquinal.com,,status_503
maquinaria auxiliar donato,www.maquinariadonato.com,,no_emails_found
maquinaria auxiliar transporte y construccion,www.matco.es,matco@matco.es,ok
maquinaria calderon,www.maquinariacalderon.com,,status_503
maquinaria feymar,www.maquinariafeymar.es,,status_503
maquinaria j aurteneche,www.aurteneche.com,,status_503
maquinaria juan del rio,www.juandelrio.net,juandelrio@reddetransicion.org,ok
maquinaria la rosa,www.transgoro.es,,status_503
maquinaria obras publicas privadas maqop,www.maqop.es,,status_503
maquinariabeta,www.maquinariabeta.com,,no_emails_found
maquinariadealquiler,http://www.maquinariadealquiler.es/,,status_403
maquinariadeconstrucciones,http://maquinariadeconstrucciones.com/,,http_error_ConnectError
maquinariahidalgo,http://www.maquinariahidalgo.com,,status_503
maquinariajrt,https://www.maquinariajrt.com/,,status_503
maquinarianavarra,https://www.maquinarianavarra.com/,,status_503
maquinariaroma,www.maquinariaroma.es,maquinariaroma@maquinariaroma.es,ok
maquinarias del odiel,www.maquinariasdelodiel.com,,status_503
maquinarias isca,www.maquinariasisca.es,,status_503
maquinarias otero,www.maquinariasotero.es,,status_503
maquinarias vela srl,www.maquinariasvela.com,,status_403
maquinariatroyano,https://www.maquinariatroyano.com/,,status_503
maquinas opeinu,www.opein.com,,status_503
maquinas-maquinas,www.maquinas-maquinas.com,,status_503
maquinza,www.maquinza.com,,status_503
maropsa,www.maropsa.com,,status_503
marti canudas,www.marticanudas.net,,status_503
marzabu hermanos ,www.marzabu.es,,status_503
masecar,www.masecar.es,,status_503
mateco,www.mateco.es,,status_503
matilsa,www.matilsa.es,,status_503
mavyal,www.mavyal.com,calahorra@mavyal.com;mavyal@mavyal.com;soria@mavyal.com,ok
maxber,www.maxber.com,,status_503
mazasca,www.mazasca.com,rgpd@mazasca.com,ok
mcrentalquileryventademaquinaria,https://www.mcrentalquileryventademaquinaria.es,,status_503
mecanocar ,www.mecanocar.es,,status_503
metalicas gomariz,www.grupogomariz.com,,no_emails_found
minguella,www.minguella.com,,status_503
mirallestres,www.mirallestres.com,,status_503
moalmaco,http://www.moalmaco.es/,,status_503
modegru,www.modegru.com,modegru@modegru.com;ionicons@5.1.2,ok
montacargasnoria,www.montacargasnoria.com,,http_error_ConnectError
montajescekon,www.sacekon.es,,no_emails_found
montero,www.montero.es,,status_503
montes bastides,www.montesbastides.com,,http_error_ConnectError
montielmaquinaria,http://www.montielmaquinaria.es/,,status_503
morato,www.morato.com,,status_503
morillo,http://www.morillo.es/,,status_503
mosquera & carrasco obras y alquiler de maquinaria,www.mosqueracarrasco.com,,status_403
moto tractor bitrian,www.mtbitrian.com,,status_503
msrenting,www.msrenting.com,,status_503
multilift,www.multiliftsl.com,,no_emails_found
mypi,http://www.mypi.es/,,status_503
nar-valencia,http://www.nar-valencia.com/,,status_503
ngbmaquinaria,www.ngbmaquinaria.com,admon@ngbmaquinaria.com;campa@ngbmaquinaria.com;dc@ngbmaquinaria.com;nc@ngbmaquinaria.com;ngb@ngbmaquinaria.com;oscar@ngbmaquinaria.com;taller@ngbmaquinaria.com,ok
nicasol,www.nicasol.es,nicasolsl@telefonica.net,ok
nurades,www.nurades.es,,status_503
obras gladstone,www.gladstone.com.es,,no_emails_found
ocome,www.ocome.net,ocome@ocome.net,ok
olarte suministros industriales y alquiler de maquinaria,www.olarte-es.com,info@olarte-es.com,ok
orialki,http://www.orialki.com/,,status_503
oscagri,http://www.oscagri.es/,,status_503
pallantia,http://www.pallantia.com/,,no_emails_found
pedro jimenez burruezo,www.pedrojimenez.com,,no_emails_found
pegamo,https://www.pegamo.es,,status_503
pelejana serveis,www.pelejanaserveis.com,,status_503
pesado barbanza,www.pesadobarbanza.es,,status_503
pinturas lagun,www.pinturas-lagun.com,,status_503
piquersa,http://www.piquersa.es/,,status_503
pk-0,www.pk-0.com,,status_503
plataforma fishne,www.plataformafish.es,,status_503
plataformas donosti,www.gruasyplataformasdonosti.com,,status_503
plataformas elevadoras garlo,www.garlowind.com,,status_403
plataformas hnos cebrian,www.plataformascebrian.com,,no_emails_found
plataformas lozano,www.gruaslozano.com,,status_503
plataformas noain,www.plataformasnoain.com,info@plataformasnoain.com;lopd@plataformasnoain.com,ok
plataformas puertollano ,www.plataformaspuertollano.com,info@plataformaspuertollano.com,ok
plataformaslebrero,http://www.plataformaslebrero.es/,,status_503
pleser desmontes y elevaciones francisco perez,www.pleser.es,,no_emails_found
potenciamaquinaria,www.potenciamaquinaria.com,info@potenciamaquinaria.com;admon@potenciamaquinaria.com;ciutadella@potenciamaquinaria.com;ibiza@potenciamaquinaria.com;manacor@potenciamaquinaria.com;menorca@potenciamaquinaria.com;muro@potenciamaquinaria.com,ok
prefisuracion,prefisuracion.com,,http_error_ConnectError
proal fene,www.proalfene.com,,status_503
proalt ingenieria 2015,www.proalt.es,info@proalt.es;marnau@proalt.es,ok
provaldima,www.provaldima.com,,status_503
provimaco alquileres,www.provimaco.net,,http_error_ConnectError
proyectos y montajes andamios,https://www.ulmaconstruction.es/,info@ulmaconstruction.es;elena.hernandez@ejemplo.com,ok
racarsl,http://www.racarsl.com/,,http_error_ConnectError
rada canarias,www.radacanarias.com,,http_error_ConnectError
radalki alquiler,www.segopi.es,,no_emails_found
ragom,https://www.ragom.es/,,http_error_ReadTimeout
railmac,www.railmac.es,info@railmac.es,ok
raloga,http://www.raloga.com/,raloga@raloga.com,ok
real de piasca maquinaria y servicios,www.realdepiasca.com,,status_503
reciclados y aridos del sureste,www.excavacionesrecisur.com,,status_503
reciclados y contenedores palencia,www.recicladosycontenedores.es,,http_error_ConnectError
recicladoscaceressur,http://www.recicladoscaceressur.com/,,status_503
reciclajes y demoliciones del norte,www.redenor.es,info@redenor.es,ok
reformas y albañileria monalsau,www.obrasyservicios-monalsa.es,info@obrasyservicios-monalsa.es,ok
remsa,www.remsa.com,,no_emails_found
renacimiento quorum ,www.rqrenting.com,,no_emails_found
rent a car msf,www.denisgrup.com,,status_503
rent-barrera,www.barrera.es,serveis@barrera.es;vendrell@barrera.es,ok
renta maq,www.grupomaq.com,,status_503
rentaequipos,www.rentaequipos.com,,status_503
rentaire,www.rentaire.es,,status_503
rentalmur,www.rentalmur.com,,status_503
rentandamiosycasetas,www.rentandamiosycasetas.es/es/,,http_error_ConnectError
rentyser,www.rentyser.es,rentyser@rentyser.es,ok
repcarsa,http://www.repcarsa.com/,,status_503
repuestos maquinaria y servicios ,www.remayser.com,,status_503
reyfama baleares,www.reyfama.es,,status_503
rinoalquileres,www.rinoalquileres.com,,status_503
riwal,www.riwal.com,,status_503
rumaralquiler,www.rumaralquiler.com,,status_503
rumitsa,http://www.rumitsa.com/,info@rumitsa.com;info@algrumaq.com;support@site.com,ok
ruyma,www.ruyma.com,,no_emails_found
sacspain,www.sacspain.com,,http_error_ConnectError
samop,www.samop.es,,status_503
sanchez alvandor,www.sanchezalvandor.com,info@sanchezalvandor.com,ok
sanchezsoriano,https://www.sanchezsoriano.es/,consultas@sanchezsoriano.com;landete@sanchezsoriano.com;paterna@sanchezsoriano.com;torrente@sanchezsoriano.com,ok
sani-eventos,www.sani-eventos.com,,status_503
sanibrun,www.sanibrun.com,,status_503
sanior,https://sanior.es/,,status_503
sara cebrian plataformas y maquinaria,www.saracebrianplataformas.com,,http_error_ConnectError
scafom españa,www.scafom-rux.es,,status_503
serex maquinaria,www.serex.es,,status_503
sergeva suministros ,www.sergeva.com,,status_503
sermaco levante,www.sermaco.com,,status_503
servei,www.servei.es,,status_503
servialqui,www.servialqui.es,,status_503
servicant alquiler y venta de carretillas elevadoras,www.servicant.com,servicant@servicant.com,ok
servicios de alquiler seal,www.sealmaquinaria.com,seal@sealmaquinaria.com,ok
servicios de alquileres modulares,www.serviciosdealquileresmodulares.es,salquy@salquy.es,ok
servicios especiales linda vista,www.gruaslindavista.com,,http_error_ReadTimeout
servicios y alquileres rioja,www.riser.ws,,status_503
servicomgirona,https://www.servicomgirona.com/,,status_503
serviobras extremadura,www.serviobrasextremadura.com,,status_503
servitasasl,http://www.servitasasl.com/,,status_503
seyce,http://www.seyce.com/,,status_503
simmaq,www.simmaq.net,,no_emails_found
sinfocan maquinarias,www.sinfocanmaquinarias.es,,status_503
sistemas modulares goikoa,www.goikoa.es,,no_emails_found
solbes,www.solbes.es,,no_emails_found
spain-crane international ,www.spaincrane.com,,status_503
sten,www.sten.es,,status_503
sth levante,www.sthlevante.com,bootstrap@5.3.8,ok
subertruck,www.subertruck.es,,http_error_ConnectError
sugema,www.sugema.es,info@sugema.es,ok
sumigal,www.sumigal.com,,status_503
sumigas,www.sumigas.net,,status_503
suminan,http://www.suminan.com/,,no_emails_found
suministros aldino (BigMat),www.aldino.bigmat.es,,status_503
suministros evana,www.suministrosevana.es,,http_error_ConnectError
suministros zelai,www.zelai.es,,status_503
suministrosalso,www.suministrosalso.com/,ventas@suministrosalso.com,ok
suministrosherrera,www.suministrosherrera.es,,http_error_ReadTimeout
sumyrent alquiler,www.sumyrent.com,,status_503
suproval alquileres,www.suproval.com,,no_emails_found
syrjosemiguel,http://www.syrjosemiguel.com/,,status_503
talleres carben y servicios de alquiler,www.carbenalquila.com,,status_503
talleres marfe,www.talleresmarfe.com,,http_error_ConnectError
talleres y gruas garcia,www.gruasgarcia.com,,status_503
talleresarteixo,www.talleresarteixo.com,,status_503
tallerescargo,http://www.tallerescargo.com/,,status_503
tallereshercules,www.tallereshercules.com,,status_503
tecniques i treballs d elevacio,www.tecnitel.cat,,status_503
tecnogrua bur,www.tecnogruabur.com,,status_503
telescopicaslima,http://www.telescopicaslima.com/,,http_error_ConnectError
tercast vials i acabats,www.tercast.com,,no_emails_found
termiser,www.termiser.com,admon@termiser.com;comercial.lisboa@termiser.com;sales@termiser.com;scomercial.lisboa@termiser.com;maqtec@maqtec.cl;sales@alufase.com,ok
teymo,www.teymo.com,,status_403
todo alquiler albertonchez,www.todoalquiler.net,,status_403
toitoi,www.toitoi.es,,status_503
toledocapitalassets,www.toledocapitalassets.com,,no_emails_found
tomac,www.tomac.es,,no_emails_found
toolquick,www.toolquick.es,,status_503
torneiro,www.torneiro.es,,status_503
tosna,www.tosna.es,,no_emails_found
trading alquiobras,www.alquiobras.es,,no_emails_found
trans ric la mancha,www.transriclamancha.com,,status_503
transeron,http://www.transeron.com/,,status_503
transformaciones vera ,www.transformacionesvera.com,,status_503
transgruas jlavedra,www.transsalavedra.com,,status_503
transportes poblacion,www.grupo-poblacion.com,poblacion@grupo-poblacion.com,ok
transportes y construcciones blas-gon,www.blasgon.es,,status_503
transportes y excavaciones el currete,www.elcurrete.com,info@elcurrete.com,ok
transportes y excavaciones perez plumed ,www.perezplumed.com,,status_503
transportes y gruas estacion,www.gruasestacion.com,info@gruasestacion.com,ok
transportespalomar,http://www.transportespalomar.com/,,status_503
triplex iberica s l,www.triplexiberica.com,,status_503
tstservicios,www.tstservicios.com,consultas@tstservicios.com,ok
tu alquiler,www.tu-alquiler.es,,status_503
tximela bergara,www.tximela.com,,status_503
ulmaconstruction,www.ulmaconstruction.es,info@ulmaconstruction.es;elena.hernandez@ejemplo.com,ok
unifener,www.unifener.com,,http_error_ConnectError
union de alquiladores de maquinariau,www.unamsa.com,,status_503
union stulep,www.unionstulep.com,,status_503
urbasarental,https://www.urbasarental.com/,urbasa@urbasarental.com,ok
utilmacon,www.utilmacon.net,,status_503
vallas y casetas brun,www.vallasycasetas.com,,status_503
vallina,www.vallina.com,,status_503
valmasl,www.valmasl.com,,status_503
valquisa,www.valquisa.es/es/,,status_503
valquiven,www.valquiven.es,,status_503
valser,www.valser.net,,http_error_ConnectError
vegabajamaquinaria,www.vegabajamaquinaria.com,info@vegabajamaquinaria.com,ok
vehiculos y maquinaria al momento,www.txt.es,,no_emails_found
vemaquinaria,www.vemaquinaria.com,,no_emails_found
ventocar,https://ventocar.linde-mh.es/,,status_503
vera ramos,www.veraramos.es,,status_404
vidasa maquinaria,www.vidasamaquinaria.com,,status_503
vulcano suministros ,www.vulcanosl.com,central@vulcanosl.com,ok
xealco,www.xealco.com,,status_503
zaragoza alquileres de maquinaria auxiliar,www.grupo-mln.com,,status_503
